run_id,prior_key,targets,target_channel,roi_prior_mu,roi_prior_sigma,roi_prior_dist,is_baseline,qc_status_code,qc_severity_rank,qc_needs_review,qc_summary_short,qc_primary_review_check,qc_flagged_channels,qc_review_reason,qc_convergence_status,qc_baseline_status,qc_bayesianppp_status,qc_gof_status,qc_prior_posterior_shift_status,qc_roi_consistency_status,qc_r2,qc_mape,qc_wmape,qc_bayesian_ppp,qc_baseline_neg_prob,qc_report_full
multi|snapchat|0.020759|0.006689|Normal,"{""snapchat"": {""dist"": ""Normal"", ""mu"": 0.020759, ""sigma"": 0.006689}}",snapchat,snapchat,0.020759,0.006689,Normal,False,PASS,0,False,PASS,,,,PASS,PASS,PASS,PASS,PASS,PASS,0.922,0.0434,0.0431,0.96,0.0,"========================================
Model Quality Checks
========================================
Overall Status: PASS
Summary: Passed: No major quality issues were identified.

Check Results:
----------------------------------------
Convergence Check:
  Status: PASS
  Recommendation: The model has likely converged, as all parameters have R-hat values < 1.2.
----------------------------------------
Baseline Check:
  Status: PASS
  Recommendation: The posterior probability that the baseline is negative is 0.00. We recommend visually inspecting the baseline time series in the Model Fit charts to confirm this.
----------------------------------------
BayesianPPP Check:
  Status: PASS
  Recommendation: The Bayesian posterior predictive p-value is 0.96. The observed total outcome is consistent with the model's posterior predictive distribution.
----------------------------------------
GoodnessOfFit Check:
  Status: PASS
  Recommendation: R-squared = 0.9220, MAPE = 0.0434, and wMAPE = 0.0431. These goodness-of-fit metrics are intended for guidance and relative comparison.
----------------------------------------
PriorPosteriorShift Check:
  Status: PASS
  Recommendation: The model has successfully learned from the data. This is a positive sign that your data was informative.
----------------------------------------
ROIConsistency Check:
  Status: PASS
  Recommendation: The posterior distribution of the ROI is within a reasonable range, aligning with the custom priors you provided."
multi|snapchat|0.020759|0.006689|LogNormal,"{""snapchat"": {""dist"": ""LogNormal"", ""mu"": 0.020759, ""sigma"": 0.006689}}",snapchat,snapchat,0.020759,0.006689,LogNormal,False,REVIEW,1,True,REVIEW:ROIConsistency,ROIConsistency,google,We've detected an unusually low ROI estimate (for channel `google`) where the posterior point estimate falls into the extreme tail of your custom prior. Please review this result to determine if it is reasonable within your business context.,PASS,PASS,PASS,PASS,PASS,REVIEW,0.9058,0.0479,0.0475,0.94,0.02,"========================================
Model Quality Checks
========================================
Overall Status: PASS
Summary: Passed with reviews: Review is needed.

Check Results:
----------------------------------------
Convergence Check:
  Status: PASS
  Recommendation: The model has likely converged, as all parameters have R-hat values < 1.2.
----------------------------------------
Baseline Check:
  Status: PASS
  Recommendation: The posterior probability that the baseline is negative is 0.02. We recommend visually inspecting the baseline time series in the Model Fit charts to confirm this.
----------------------------------------
BayesianPPP Check:
  Status: PASS
  Recommendation: The Bayesian posterior predictive p-value is 0.94. The observed total outcome is consistent with the model's posterior predictive distribution.
----------------------------------------
GoodnessOfFit Check:
  Status: PASS
  Recommendation: R-squared = 0.9058, MAPE = 0.0479, and wMAPE = 0.0475. These goodness-of-fit metrics are intended for guidance and relative comparison.
----------------------------------------
PriorPosteriorShift Check:
  Status: PASS
  Recommendation: The model has successfully learned from the data. This is a positive sign that your data was informative.
----------------------------------------
ROIConsistency Check:
  Status: REVIEW
  Recommendation: We've detected an unusually low ROI estimate (for channel `google`) where the posterior point estimate falls into the extreme tail of your custom prior. Please review this result to determine if it is reasonable within your business context."
multi|snapchat|0.020759|0.016722|Normal,"{""snapchat"": {""dist"": ""Normal"", ""mu"": 0.020759, ""sigma"": 0.016722}}",snapchat,snapchat,0.020759,0.016722,Normal,False,PASS,0,False,PASS,,,,PASS,PASS,PASS,PASS,PASS,PASS,0.9223,0.0433,0.0431,0.97,0.0,"========================================
Model Quality Checks
========================================
Overall Status: PASS
Summary: Passed: No major quality issues were identified.

Check Results:
----------------------------------------
Convergence Check:
  Status: PASS
  Recommendation: The model has likely converged, as all parameters have R-hat values < 1.2.
----------------------------------------
Baseline Check:
  Status: PASS
  Recommendation: The posterior probability that the baseline is negative is 0.00. We recommend visually inspecting the baseline time series in the Model Fit charts to confirm this.
----------------------------------------
BayesianPPP Check:
  Status: PASS
  Recommendation: The Bayesian posterior predictive p-value is 0.97. The observed total outcome is consistent with the model's posterior predictive distribution.
----------------------------------------
GoodnessOfFit Check:
  Status: PASS
  Recommendation: R-squared = 0.9223, MAPE = 0.0433, and wMAPE = 0.0431. These goodness-of-fit metrics are intended for guidance and relative comparison.
----------------------------------------
PriorPosteriorShift Check:
  Status: PASS
  Recommendation: The model has successfully learned from the data. This is a positive sign that your data was informative.
----------------------------------------
ROIConsistency Check:
  Status: PASS
  Recommendation: The posterior distribution of the ROI is within a reasonable range, aligning with the custom priors you provided."
multi|snapchat|0.020759|0.016722|LogNormal,"{""snapchat"": {""dist"": ""LogNormal"", ""mu"": 0.020759, ""sigma"": 0.016722}}",snapchat,snapchat,0.020759,0.016722,LogNormal,False,REVIEW,1,True,REVIEW:ROIConsistency,ROIConsistency,google,We've detected an unusually low ROI estimate (for channel `google`) where the posterior point estimate falls into the extreme tail of your custom prior. Please review this result to determine if it is reasonable within your business context.,PASS,PASS,PASS,PASS,PASS,REVIEW,0.9059,0.0479,0.0475,0.94,0.01,"========================================
Model Quality Checks
========================================
Overall Status: PASS
Summary: Passed with reviews: Review is needed.

Check Results:
----------------------------------------
Convergence Check:
  Status: PASS
  Recommendation: The model has likely converged, as all parameters have R-hat values < 1.2.
----------------------------------------
Baseline Check:
  Status: PASS
  Recommendation: The posterior probability that the baseline is negative is 0.01. We recommend visually inspecting the baseline time series in the Model Fit charts to confirm this.
----------------------------------------
BayesianPPP Check:
  Status: PASS
  Recommendation: The Bayesian posterior predictive p-value is 0.94. The observed total outcome is consistent with the model's posterior predictive distribution.
----------------------------------------
GoodnessOfFit Check:
  Status: PASS
  Recommendation: R-squared = 0.9059, MAPE = 0.0479, and wMAPE = 0.0475. These goodness-of-fit metrics are intended for guidance and relative comparison.
----------------------------------------
PriorPosteriorShift Check:
  Status: PASS
  Recommendation: The model has successfully learned from the data. This is a positive sign that your data was informative.
----------------------------------------
ROIConsistency Check:
  Status: REVIEW
  Recommendation: We've detected an unusually low ROI estimate (for channel `google`) where the posterior point estimate falls into the extreme tail of your custom prior. Please review this result to determine if it is reasonable within your business context."
multi|snapchat|0.020759|0.033445|Normal,"{""snapchat"": {""dist"": ""Normal"", ""mu"": 0.020759, ""sigma"": 0.033445}}",snapchat,snapchat,0.020759,0.033445,Normal,False,PASS,0,False,PASS,,,,PASS,PASS,PASS,PASS,PASS,PASS,0.9222,0.0433,0.043,1.0,0.0,"========================================
Model Quality Checks
========================================
Overall Status: PASS
Summary: Passed: No major quality issues were identified.

Check Results:
----------------------------------------
Convergence Check:
  Status: PASS
  Recommendation: The model has likely converged, as all parameters have R-hat values < 1.2.
----------------------------------------
Baseline Check:
  Status: PASS
  Recommendation: The posterior probability that the baseline is negative is 0.00. We recommend visually inspecting the baseline time series in the Model Fit charts to confirm this.
----------------------------------------
BayesianPPP Check:
  Status: PASS
  Recommendation: The Bayesian posterior predictive p-value is 1.00. The observed total outcome is consistent with the model's posterior predictive distribution.
----------------------------------------
GoodnessOfFit Check:
  Status: PASS
  Recommendation: R-squared = 0.9222, MAPE = 0.0433, and wMAPE = 0.0430. These goodness-of-fit metrics are intended for guidance and relative comparison.
----------------------------------------
PriorPosteriorShift Check:
  Status: PASS
  Recommendation: The model has successfully learned from the data. This is a positive sign that your data was informative.
----------------------------------------
ROIConsistency Check:
  Status: PASS
  Recommendation: The posterior distribution of the ROI is within a reasonable range, aligning with the custom priors you provided."
multi|snapchat|0.020759|0.033445|LogNormal,"{""snapchat"": {""dist"": ""LogNormal"", ""mu"": 0.020759, ""sigma"": 0.033445}}",snapchat,snapchat,0.020759,0.033445,LogNormal,False,REVIEW,1,True,REVIEW:ROIConsistency,ROIConsistency,google,We've detected an unusually low ROI estimate (for channel `google`) where the posterior point estimate falls into the extreme tail of your custom prior. Please review this result to determine if it is reasonable within your business context.,PASS,PASS,PASS,PASS,PASS,REVIEW,0.9061,0.0478,0.0473,0.95,0.02,"========================================
Model Quality Checks
========================================
Overall Status: PASS
Summary: Passed with reviews: Review is needed.

Check Results:
----------------------------------------
Convergence Check:
  Status: PASS
  Recommendation: The model has likely converged, as all parameters have R-hat values < 1.2.
----------------------------------------
Baseline Check:
  Status: PASS
  Recommendation: The posterior probability that the baseline is negative is 0.02. We recommend visually inspecting the baseline time series in the Model Fit charts to confirm this.
----------------------------------------
BayesianPPP Check:
  Status: PASS
  Recommendation: The Bayesian posterior predictive p-value is 0.95. The observed total outcome is consistent with the model's posterior predictive distribution.
----------------------------------------
GoodnessOfFit Check:
  Status: PASS
  Recommendation: R-squared = 0.9061, MAPE = 0.0478, and wMAPE = 0.0473. These goodness-of-fit metrics are intended for guidance and relative comparison.
----------------------------------------
PriorPosteriorShift Check:
  Status: PASS
  Recommendation: The model has successfully learned from the data. This is a positive sign that your data was informative.
----------------------------------------
ROIConsistency Check:
  Status: REVIEW
  Recommendation: We've detected an unusually low ROI estimate (for channel `google`) where the posterior point estimate falls into the extreme tail of your custom prior. Please review this result to determine if it is reasonable within your business context."
multi|snapchat|0.051898|0.006689|Normal,"{""snapchat"": {""dist"": ""Normal"", ""mu"": 0.051898, ""sigma"": 0.006689}}",snapchat,snapchat,0.051898,0.006689,Normal,False,PASS,0,False,PASS,,,,PASS,PASS,PASS,PASS,PASS,PASS,0.922,0.0435,0.0434,0.98,0.0,"========================================
Model Quality Checks
========================================
Overall Status: PASS
Summary: Passed: No major quality issues were identified.

Check Results:
----------------------------------------
Convergence Check:
  Status: PASS
  Recommendation: The model has likely converged, as all parameters have R-hat values < 1.2.
----------------------------------------
Baseline Check:
  Status: PASS
  Recommendation: The posterior probability that the baseline is negative is 0.00. We recommend visually inspecting the baseline time series in the Model Fit charts to confirm this.
----------------------------------------
BayesianPPP Check:
  Status: PASS
  Recommendation: The Bayesian posterior predictive p-value is 0.98. The observed total outcome is consistent with the model's posterior predictive distribution.
----------------------------------------
GoodnessOfFit Check:
  Status: PASS
  Recommendation: R-squared = 0.9220, MAPE = 0.0435, and wMAPE = 0.0434. These goodness-of-fit metrics are intended for guidance and relative comparison.
----------------------------------------
PriorPosteriorShift Check:
  Status: PASS
  Recommendation: The model has successfully learned from the data. This is a positive sign that your data was informative.
----------------------------------------
ROIConsistency Check:
  Status: PASS
  Recommendation: The posterior distribution of the ROI is within a reasonable range, aligning with the custom priors you provided."
multi|snapchat|0.051898|0.006689|LogNormal,"{""snapchat"": {""dist"": ""LogNormal"", ""mu"": 0.051898, ""sigma"": 0.006689}}",snapchat,snapchat,0.051898,0.006689,LogNormal,False,REVIEW,1,True,REVIEW:ROIConsistency,ROIConsistency,google,We've detected an unusually low ROI estimate (for channel `google`) where the posterior point estimate falls into the extreme tail of your custom prior. Please review this result to determine if it is reasonable within your business context.,PASS,PASS,PASS,PASS,PASS,REVIEW,0.9049,0.0477,0.0476,0.92,0.07,"========================================
Model Quality Checks
========================================
Overall Status: PASS
Summary: Passed with reviews: Review is needed.

Check Results:
----------------------------------------
Convergence Check:
  Status: PASS
  Recommendation: The model has likely converged, as all parameters have R-hat values < 1.2.
----------------------------------------
Baseline Check:
  Status: PASS
  Recommendation: The posterior probability that the baseline is negative is 0.07. We recommend visually inspecting the baseline time series in the Model Fit charts to confirm this.
----------------------------------------
BayesianPPP Check:
  Status: PASS
  Recommendation: The Bayesian posterior predictive p-value is 0.92. The observed total outcome is consistent with the model's posterior predictive distribution.
----------------------------------------
GoodnessOfFit Check:
  Status: PASS
  Recommendation: R-squared = 0.9049, MAPE = 0.0477, and wMAPE = 0.0476. These goodness-of-fit metrics are intended for guidance and relative comparison.
----------------------------------------
PriorPosteriorShift Check:
  Status: PASS
  Recommendation: The model has successfully learned from the data. This is a positive sign that your data was informative.
----------------------------------------
ROIConsistency Check:
  Status: REVIEW
  Recommendation: We've detected an unusually low ROI estimate (for channel `google`) where the posterior point estimate falls into the extreme tail of your custom prior. Please review this result to determine if it is reasonable within your business context."
multi|snapchat|0.051898|0.016722|Normal,"{""snapchat"": {""dist"": ""Normal"", ""mu"": 0.051898, ""sigma"": 0.016722}}",snapchat,snapchat,0.051898,0.016722,Normal,True,PASS,0,False,PASS,,,,PASS,PASS,PASS,PASS,PASS,PASS,0.9221,0.0432,0.0431,0.97,0.0,"========================================
Model Quality Checks
========================================
Overall Status: PASS
Summary: Passed: No major quality issues were identified.

Check Results:
----------------------------------------
Convergence Check:
  Status: PASS
  Recommendation: The model has likely converged, as all parameters have R-hat values < 1.2.
----------------------------------------
Baseline Check:
  Status: PASS
  Recommendation: The posterior probability that the baseline is negative is 0.00. We recommend visually inspecting the baseline time series in the Model Fit charts to confirm this.
----------------------------------------
BayesianPPP Check:
  Status: PASS
  Recommendation: The Bayesian posterior predictive p-value is 0.97. The observed total outcome is consistent with the model's posterior predictive distribution.
----------------------------------------
GoodnessOfFit Check:
  Status: PASS
  Recommendation: R-squared = 0.9221, MAPE = 0.0432, and wMAPE = 0.0431. These goodness-of-fit metrics are intended for guidance and relative comparison.
----------------------------------------
PriorPosteriorShift Check:
  Status: PASS
  Recommendation: The model has successfully learned from the data. This is a positive sign that your data was informative.
----------------------------------------
ROIConsistency Check:
  Status: PASS
  Recommendation: The posterior distribution of the ROI is within a reasonable range, aligning with the custom priors you provided."
multi|snapchat|0.051898|0.016722|LogNormal,"{""snapchat"": {""dist"": ""LogNormal"", ""mu"": 0.051898, ""sigma"": 0.016722}}",snapchat,snapchat,0.051898,0.016722,LogNormal,False,REVIEW,1,True,REVIEW:ROIConsistency,ROIConsistency,google,We've detected an unusually low ROI estimate (for channel `google`) where the posterior point estimate falls into the extreme tail of your custom prior. Please review this result to determine if it is reasonable within your business context.,PASS,PASS,PASS,PASS,PASS,REVIEW,0.9052,0.0478,0.0476,0.94,0.04,"========================================
Model Quality Checks
========================================
Overall Status: PASS
Summary: Passed with reviews: Review is needed.

Check Results:
----------------------------------------
Convergence Check:
  Status: PASS
  Recommendation: The model has likely converged, as all parameters have R-hat values < 1.2.
----------------------------------------
Baseline Check:
  Status: PASS
  Recommendation: The posterior probability that the baseline is negative is 0.04. We recommend visually inspecting the baseline time series in the Model Fit charts to confirm this.
----------------------------------------
BayesianPPP Check:
  Status: PASS
  Recommendation: The Bayesian posterior predictive p-value is 0.94. The observed total outcome is consistent with the model's posterior predictive distribution.
----------------------------------------
GoodnessOfFit Check:
  Status: PASS
  Recommendation: R-squared = 0.9052, MAPE = 0.0478, and wMAPE = 0.0476. These goodness-of-fit metrics are intended for guidance and relative comparison.
----------------------------------------
PriorPosteriorShift Check:
  Status: PASS
  Recommendation: The model has successfully learned from the data. This is a positive sign that your data was informative.
----------------------------------------
ROIConsistency Check:
  Status: REVIEW
  Recommendation: We've detected an unusually low ROI estimate (for channel `google`) where the posterior point estimate falls into the extreme tail of your custom prior. Please review this result to determine if it is reasonable within your business context."
multi|snapchat|0.051898|0.033445|Normal,"{""snapchat"": {""dist"": ""Normal"", ""mu"": 0.051898, ""sigma"": 0.033445}}",snapchat,snapchat,0.051898,0.033445,Normal,False,PASS,0,False,PASS,,,,PASS,PASS,PASS,PASS,PASS,PASS,0.9226,0.0434,0.0432,0.97,0.0,"========================================
Model Quality Checks
========================================
Overall Status: PASS
Summary: Passed: No major quality issues were identified.

Check Results:
----------------------------------------
Convergence Check:
  Status: PASS
  Recommendation: The model has likely converged, as all parameters have R-hat values < 1.2.
----------------------------------------
Baseline Check:
  Status: PASS
  Recommendation: The posterior probability that the baseline is negative is 0.00. We recommend visually inspecting the baseline time series in the Model Fit charts to confirm this.
----------------------------------------
BayesianPPP Check:
  Status: PASS
  Recommendation: The Bayesian posterior predictive p-value is 0.97. The observed total outcome is consistent with the model's posterior predictive distribution.
----------------------------------------
GoodnessOfFit Check:
  Status: PASS
  Recommendation: R-squared = 0.9226, MAPE = 0.0434, and wMAPE = 0.0432. These goodness-of-fit metrics are intended for guidance and relative comparison.
----------------------------------------
PriorPosteriorShift Check:
  Status: PASS
  Recommendation: The model has successfully learned from the data. This is a positive sign that your data was informative.
----------------------------------------
ROIConsistency Check:
  Status: PASS
  Recommendation: The posterior distribution of the ROI is within a reasonable range, aligning with the custom priors you provided."
multi|snapchat|0.051898|0.033445|LogNormal,"{""snapchat"": {""dist"": ""LogNormal"", ""mu"": 0.051898, ""sigma"": 0.033445}}",snapchat,snapchat,0.051898,0.033445,LogNormal,False,REVIEW,1,True,REVIEW:ROIConsistency,ROIConsistency,google,We've detected an unusually low ROI estimate (for channel `google`) where the posterior point estimate falls into the extreme tail of your custom prior. Please review this result to determine if it is reasonable within your business context.,PASS,PASS,PASS,PASS,PASS,REVIEW,0.9057,0.0478,0.0475,0.89,0.03,"========================================
Model Quality Checks
========================================
Overall Status: PASS
Summary: Passed with reviews: Review is needed.

Check Results:
----------------------------------------
Convergence Check:
  Status: PASS
  Recommendation: The model has likely converged, as all parameters have R-hat values < 1.2.
----------------------------------------
Baseline Check:
  Status: PASS
  Recommendation: The posterior probability that the baseline is negative is 0.03. We recommend visually inspecting the baseline time series in the Model Fit charts to confirm this.
----------------------------------------
BayesianPPP Check:
  Status: PASS
  Recommendation: The Bayesian posterior predictive p-value is 0.89. The observed total outcome is consistent with the model's posterior predictive distribution.
----------------------------------------
GoodnessOfFit Check:
  Status: PASS
  Recommendation: R-squared = 0.9057, MAPE = 0.0478, and wMAPE = 0.0475. These goodness-of-fit metrics are intended for guidance and relative comparison.
----------------------------------------
PriorPosteriorShift Check:
  Status: PASS
  Recommendation: The model has successfully learned from the data. This is a positive sign that your data was informative.
----------------------------------------
ROIConsistency Check:
  Status: REVIEW
  Recommendation: We've detected an unusually low ROI estimate (for channel `google`) where the posterior point estimate falls into the extreme tail of your custom prior. Please review this result to determine if it is reasonable within your business context."
multi|snapchat|0.103795|0.006689|Normal,"{""snapchat"": {""dist"": ""Normal"", ""mu"": 0.103795, ""sigma"": 0.006689}}",snapchat,snapchat,0.103795,0.006689,Normal,False,PASS,0,False,PASS,,,,PASS,PASS,PASS,PASS,PASS,PASS,0.923,0.0431,0.0432,0.98,0.0,"========================================
Model Quality Checks
========================================
Overall Status: PASS
Summary: Passed: No major quality issues were identified.

Check Results:
----------------------------------------
Convergence Check:
  Status: PASS
  Recommendation: The model has likely converged, as all parameters have R-hat values < 1.2.
----------------------------------------
Baseline Check:
  Status: PASS
  Recommendation: The posterior probability that the baseline is negative is 0.00. We recommend visually inspecting the baseline time series in the Model Fit charts to confirm this.
----------------------------------------
BayesianPPP Check:
  Status: PASS
  Recommendation: The Bayesian posterior predictive p-value is 0.98. The observed total outcome is consistent with the model's posterior predictive distribution.
----------------------------------------
GoodnessOfFit Check:
  Status: PASS
  Recommendation: R-squared = 0.9230, MAPE = 0.0431, and wMAPE = 0.0432. These goodness-of-fit metrics are intended for guidance and relative comparison.
----------------------------------------
PriorPosteriorShift Check:
  Status: PASS
  Recommendation: The model has successfully learned from the data. This is a positive sign that your data was informative.
----------------------------------------
ROIConsistency Check:
  Status: PASS
  Recommendation: The posterior distribution of the ROI is within a reasonable range, aligning with the custom priors you provided."
multi|snapchat|0.103795|0.006689|LogNormal,"{""snapchat"": {""dist"": ""LogNormal"", ""mu"": 0.103795, ""sigma"": 0.006689}}",snapchat,snapchat,0.103795,0.006689,LogNormal,False,REVIEW,1,True,REVIEW:Baseline,Baseline,,"The posterior probability that the baseline is negative is 0.42. This indicates that the baseline time series occasionally dips into negative values. We recommend visually inspecting the baseline time series in the Model Fit charts, but don't be overly concerned. An occasional, small dip may indicate minor statistical error, which is inherent in any model.",PASS,REVIEW,PASS,PASS,PASS,REVIEW,0.904,0.0473,0.0476,0.9,0.42,"========================================
Model Quality Checks
========================================
Overall Status: PASS
Summary: Passed with reviews: Review is needed.

Check Results:
----------------------------------------
Convergence Check:
  Status: PASS
  Recommendation: The model has likely converged, as all parameters have R-hat values < 1.2.
----------------------------------------
Baseline Check:
  Status: REVIEW
  Recommendation: The posterior probability that the baseline is negative is 0.42. This indicates that the baseline time series occasionally dips into negative values. We recommend visually inspecting the baseline time series in the Model Fit charts, but don't be overly concerned. An occasional, small dip may indicate minor statistical error, which is inherent in any model.
----------------------------------------
BayesianPPP Check:
  Status: PASS
  Recommendation: The Bayesian posterior predictive p-value is 0.90. The observed total outcome is consistent with the model's posterior predictive distribution.
----------------------------------------
GoodnessOfFit Check:
  Status: PASS
  Recommendation: R-squared = 0.9040, MAPE = 0.0473, and wMAPE = 0.0476. These goodness-of-fit metrics are intended for guidance and relative comparison.
----------------------------------------
PriorPosteriorShift Check:
  Status: PASS
  Recommendation: The model has successfully learned from the data. This is a positive sign that your data was informative.
----------------------------------------
ROIConsistency Check:
  Status: REVIEW
  Recommendation: We've detected an unusually low ROI estimate (for channel `google`) where the posterior point estimate falls into the extreme tail of your custom prior. Please review this result to determine if it is reasonable within your business context."
multi|snapchat|0.103795|0.016722|Normal,"{""snapchat"": {""dist"": ""Normal"", ""mu"": 0.103795, ""sigma"": 0.016722}}",snapchat,snapchat,0.103795,0.016722,Normal,False,PASS,0,False,PASS,,,,PASS,PASS,PASS,PASS,PASS,PASS,0.9229,0.0431,0.0432,0.97,0.0,"========================================
Model Quality Checks
========================================
Overall Status: PASS
Summary: Passed: No major quality issues were identified.

Check Results:
----------------------------------------
Convergence Check:
  Status: PASS
  Recommendation: The model has likely converged, as all parameters have R-hat values < 1.2.
----------------------------------------
Baseline Check:
  Status: PASS
  Recommendation: The posterior probability that the baseline is negative is 0.00. We recommend visually inspecting the baseline time series in the Model Fit charts to confirm this.
----------------------------------------
BayesianPPP Check:
  Status: PASS
  Recommendation: The Bayesian posterior predictive p-value is 0.97. The observed total outcome is consistent with the model's posterior predictive distribution.
----------------------------------------
GoodnessOfFit Check:
  Status: PASS
  Recommendation: R-squared = 0.9229, MAPE = 0.0431, and wMAPE = 0.0432. These goodness-of-fit metrics are intended for guidance and relative comparison.
----------------------------------------
PriorPosteriorShift Check:
  Status: PASS
  Recommendation: The model has successfully learned from the data. This is a positive sign that your data was informative.
----------------------------------------
ROIConsistency Check:
  Status: PASS
  Recommendation: The posterior distribution of the ROI is within a reasonable range, aligning with the custom priors you provided."
multi|snapchat|0.103795|0.016722|LogNormal,"{""snapchat"": {""dist"": ""LogNormal"", ""mu"": 0.103795, ""sigma"": 0.016722}}",snapchat,snapchat,0.103795,0.016722,LogNormal,False,REVIEW,1,True,REVIEW:Baseline,Baseline,,"The posterior probability that the baseline is negative is 0.28. This indicates that the baseline time series occasionally dips into negative values. We recommend visually inspecting the baseline time series in the Model Fit charts, but don't be overly concerned. An occasional, small dip may indicate minor statistical error, which is inherent in any model.",PASS,REVIEW,PASS,PASS,PASS,REVIEW,0.9041,0.0472,0.0474,0.96,0.28,"========================================
Model Quality Checks
========================================
Overall Status: PASS
Summary: Passed with reviews: Review is needed.

Check Results:
----------------------------------------
Convergence Check:
  Status: PASS
  Recommendation: The model has likely converged, as all parameters have R-hat values < 1.2.
----------------------------------------
Baseline Check:
  Status: REVIEW
  Recommendation: The posterior probability that the baseline is negative is 0.28. This indicates that the baseline time series occasionally dips into negative values. We recommend visually inspecting the baseline time series in the Model Fit charts, but don't be overly concerned. An occasional, small dip may indicate minor statistical error, which is inherent in any model.
----------------------------------------
BayesianPPP Check:
  Status: PASS
  Recommendation: The Bayesian posterior predictive p-value is 0.96. The observed total outcome is consistent with the model's posterior predictive distribution.
----------------------------------------
GoodnessOfFit Check:
  Status: PASS
  Recommendation: R-squared = 0.9041, MAPE = 0.0472, and wMAPE = 0.0474. These goodness-of-fit metrics are intended for guidance and relative comparison.
----------------------------------------
PriorPosteriorShift Check:
  Status: PASS
  Recommendation: The model has successfully learned from the data. This is a positive sign that your data was informative.
----------------------------------------
ROIConsistency Check:
  Status: REVIEW
  Recommendation: We've detected an unusually low ROI estimate (for channel `google`) where the posterior point estimate falls into the extreme tail of your custom prior. Please review this result to determine if it is reasonable within your business context."
multi|snapchat|0.103795|0.033445|Normal,"{""snapchat"": {""dist"": ""Normal"", ""mu"": 0.103795, ""sigma"": 0.033445}}",snapchat,snapchat,0.103795,0.033445,Normal,False,PASS,0,False,PASS,,,,PASS,PASS,PASS,PASS,PASS,PASS,0.9226,0.0434,0.0434,0.95,0.0,"========================================
Model Quality Checks
========================================
Overall Status: PASS
Summary: Passed: No major quality issues were identified.

Check Results:
----------------------------------------
Convergence Check:
  Status: PASS
  Recommendation: The model has likely converged, as all parameters have R-hat values < 1.2.
----------------------------------------
Baseline Check:
  Status: PASS
  Recommendation: The posterior probability that the baseline is negative is 0.00. We recommend visually inspecting the baseline time series in the Model Fit charts to confirm this.
----------------------------------------
BayesianPPP Check:
  Status: PASS
  Recommendation: The Bayesian posterior predictive p-value is 0.95. The observed total outcome is consistent with the model's posterior predictive distribution.
----------------------------------------
GoodnessOfFit Check:
  Status: PASS
  Recommendation: R-squared = 0.9226, MAPE = 0.0434, and wMAPE = 0.0434. These goodness-of-fit metrics are intended for guidance and relative comparison.
----------------------------------------
PriorPosteriorShift Check:
  Status: PASS
  Recommendation: The model has successfully learned from the data. This is a positive sign that your data was informative.
----------------------------------------
ROIConsistency Check:
  Status: PASS
  Recommendation: The posterior distribution of the ROI is within a reasonable range, aligning with the custom priors you provided."
multi|snapchat|0.103795|0.033445|LogNormal,"{""snapchat"": {""dist"": ""LogNormal"", ""mu"": 0.103795, ""sigma"": 0.033445}}",snapchat,snapchat,0.103795,0.033445,LogNormal,False,REVIEW,1,True,REVIEW:ROIConsistency,ROIConsistency,google,We've detected an unusually low ROI estimate (for channel `google`) where the posterior point estimate falls into the extreme tail of your custom prior. Please review this result to determine if it is reasonable within your business context.,PASS,PASS,PASS,PASS,PASS,REVIEW,0.9046,0.0475,0.0476,0.93,0.13,"========================================
Model Quality Checks
========================================
Overall Status: PASS
Summary: Passed with reviews: Review is needed.

Check Results:
----------------------------------------
Convergence Check:
  Status: PASS
  Recommendation: The model has likely converged, as all parameters have R-hat values < 1.2.
----------------------------------------
Baseline Check:
  Status: PASS
  Recommendation: The posterior probability that the baseline is negative is 0.13. We recommend visually inspecting the baseline time series in the Model Fit charts to confirm this.
----------------------------------------
BayesianPPP Check:
  Status: PASS
  Recommendation: The Bayesian posterior predictive p-value is 0.93. The observed total outcome is consistent with the model's posterior predictive distribution.
----------------------------------------
GoodnessOfFit Check:
  Status: PASS
  Recommendation: R-squared = 0.9046, MAPE = 0.0475, and wMAPE = 0.0476. These goodness-of-fit metrics are intended for guidance and relative comparison.
----------------------------------------
PriorPosteriorShift Check:
  Status: PASS
  Recommendation: The model has successfully learned from the data. This is a positive sign that your data was informative.
----------------------------------------
ROIConsistency Check:
  Status: REVIEW
  Recommendation: We've detected an unusually low ROI estimate (for channel `google`) where the posterior point estimate falls into the extreme tail of your custom prior. Please review this result to determine if it is reasonable within your business context."
