run_id,targets,prior_key,channel,qc_status_code,qc_summary_short,qc_primary_review_check,qc_flagged_channels,roi_baseline,roi_new,delta_abs,delta_pct,channel_total_spend,incremental_outcome_baseline,incremental_outcome_new,delta_outcome,delta_outcome_abs,dollars_per_subscription,incremental_value_baseline,incremental_value_new,delta_value,delta_value_abs
"multi|beehiiv,liveintent,moloco|0.020759|0.006689|Normal","beehiiv,liveintent,moloco","{""beehiiv"": {""dist"": ""Normal"", ""mu"": 0.020759, ""sigma"": 0.006689}, ""liveintent"": {""dist"": ""Normal"", ""mu"": 0.020759, ""sigma"": 0.006689}, ""moloco"": {""dist"": ""Normal"", ""mu"": 0.020759, ""sigma"": 0.006689}}",meta,PASS,PASS,,,-0.039971717,-0.030660229,0.009311487999999996,0.23295191447492725,840158.1265220001,-33582.56286858758,-25759.440555375495,7823.122313212083,7823.122313212083,100.0,-3358256.286858758,-2575944.0555375493,782312.2313212086,782312.2313212086
"multi|beehiiv,liveintent,moloco|0.020759|0.006689|Normal","beehiiv,liveintent,moloco","{""beehiiv"": {""dist"": ""Normal"", ""mu"": 0.020759, ""sigma"": 0.006689}, ""liveintent"": {""dist"": ""Normal"", ""mu"": 0.020759, ""sigma"": 0.006689}, ""moloco"": {""dist"": ""Normal"", ""mu"": 0.020759, ""sigma"": 0.006689}}",google,PASS,PASS,,,-0.014083741,-0.006796887,0.007286854000000001,0.517394774584395,10298543.94665,-145042.02562173642,-69998.03946991407,75043.98615182235,75043.98615182235,100.0,-14504202.562173642,-6999803.946991407,7504398.615182235,7504398.615182235
"multi|beehiiv,liveintent,moloco|0.020759|0.006689|Normal","beehiiv,liveintent,moloco","{""beehiiv"": {""dist"": ""Normal"", ""mu"": 0.020759, ""sigma"": 0.006689}, ""liveintent"": {""dist"": ""Normal"", ""mu"": 0.020759, ""sigma"": 0.006689}, ""moloco"": {""dist"": ""Normal"", ""mu"": 0.020759, ""sigma"": 0.006689}}",snapchat,PASS,PASS,,,0.040842675,0.035834536,0.005008139000000002,0.12262024953066863,4342436.908989999,177356.73938188315,155609.21174293087,-21747.527638952277,21747.527638952277,100.0,17735673.938188314,15560921.174293088,-2174752.7638952266,2174752.7638952266
"multi|beehiiv,liveintent,moloco|0.020759|0.006689|Normal","beehiiv,liveintent,moloco","{""beehiiv"": {""dist"": ""Normal"", ""mu"": 0.020759, ""sigma"": 0.006689}, ""liveintent"": {""dist"": ""Normal"", ""mu"": 0.020759, ""sigma"": 0.006689}, ""moloco"": {""dist"": ""Normal"", ""mu"": 0.020759, ""sigma"": 0.006689}}",tiktok,PASS,PASS,,,-0.0076278066,-0.0073099397,0.00031786689999999986,0.04167212367445183,1752685.0091300001,-13369.142280362876,-12812.02172983425,557.1205505286252,557.1205505286252,100.0,-1336914.2280362875,-1281202.172983425,55712.0550528625,55712.0550528625
"multi|beehiiv,liveintent,moloco|0.020759|0.006689|Normal","beehiiv,liveintent,moloco","{""beehiiv"": {""dist"": ""Normal"", ""mu"": 0.020759, ""sigma"": 0.006689}, ""liveintent"": {""dist"": ""Normal"", ""mu"": 0.020759, ""sigma"": 0.006689}, ""moloco"": {""dist"": ""Normal"", ""mu"": 0.020759, ""sigma"": 0.006689}}",moloco,PASS,PASS,,,0.053634446,0.021455728,0.032178718,0.5999636502258269,842234.6095886,45172.78668731085,18070.756695519194,-27102.029991791656,27102.029991791656,100.0,4517278.668731085,1807075.6695519194,-2710202.999179166,2710202.999179166
"multi|beehiiv,liveintent,moloco|0.020759|0.006689|Normal","beehiiv,liveintent,moloco","{""beehiiv"": {""dist"": ""Normal"", ""mu"": 0.020759, ""sigma"": 0.006689}, ""liveintent"": {""dist"": ""Normal"", ""mu"": 0.020759, ""sigma"": 0.006689}, ""moloco"": {""dist"": ""Normal"", ""mu"": 0.020759, ""sigma"": 0.006689}}",liveintent,PASS,PASS,,,0.05361623,0.021011261,0.032604969,0.608117523369323,797987.173079,42785.06380885347,16766.716768215043,-26018.347040638426,26018.347040638426,100.0,4278506.380885347,1676671.6768215043,-2601834.7040638425,2601834.7040638425
"multi|beehiiv,liveintent,moloco|0.020759|0.006689|Normal","beehiiv,liveintent,moloco","{""beehiiv"": {""dist"": ""Normal"", ""mu"": 0.020759, ""sigma"": 0.006689}, ""liveintent"": {""dist"": ""Normal"", ""mu"": 0.020759, ""sigma"": 0.006689}, ""moloco"": {""dist"": ""Normal"", ""mu"": 0.020759, ""sigma"": 0.006689}}",beehiiv,PASS,PASS,,,0.053885467,0.020987097,0.032898369999999996,0.610523984138432,328172.2732613,17683.71620113676,6887.383331645409,-10796.332869491353,10796.332869491353,100.0,1768371.6201136762,688738.3331645409,-1079633.2869491354,1079633.2869491354
"multi|beehiiv,liveintent,moloco|0.020759|0.006689|Normal","beehiiv,liveintent,moloco","{""beehiiv"": {""dist"": ""Normal"", ""mu"": 0.020759, ""sigma"": 0.006689}, ""liveintent"": {""dist"": ""Normal"", ""mu"": 0.020759, ""sigma"": 0.006689}, ""moloco"": {""dist"": ""Normal"", ""mu"": 0.020759, ""sigma"": 0.006689}}",amazon,PASS,PASS,,,0.28516877,0.27334133,0.011827440000000022,0.041475228861842184,15740.258094,4488.630040148525,4302.463081957225,-186.16695819130018,186.16695819130018,100.0,448863.0040148525,430246.30819572246,-18616.69581913005,18616.69581913005
"multi|beehiiv,liveintent,moloco|0.020759|0.006689|LogNormal","beehiiv,liveintent,moloco","{""beehiiv"": {""dist"": ""LogNormal"", ""mu"": 0.020759, ""sigma"": 0.006689}, ""liveintent"": {""dist"": ""LogNormal"", ""mu"": 0.020759, ""sigma"": 0.006689}, ""moloco"": {""dist"": ""LogNormal"", ""mu"": 0.020759, ""sigma"": 0.006689}}",meta,REVIEW,REVIEW:PriorPosteriorShift,PriorPosteriorShift,liveintent,-0.039971717,0.031111874,0.071083591,1.7783471998463314,840158.1265220001,-33582.56286858758,26138.893772428524,59721.456641016106,59721.456641016106,100.0,-3358256.286858758,2613889.3772428525,5972145.66410161,5972145.66410161
"multi|beehiiv,liveintent,moloco|0.020759|0.006689|LogNormal","beehiiv,liveintent,moloco","{""beehiiv"": {""dist"": ""LogNormal"", ""mu"": 0.020759, ""sigma"": 0.006689}, ""liveintent"": {""dist"": ""LogNormal"", ""mu"": 0.020759, ""sigma"": 0.006689}, ""moloco"": {""dist"": ""LogNormal"", ""mu"": 0.020759, ""sigma"": 0.006689}}",google,REVIEW,REVIEW:PriorPosteriorShift,PriorPosteriorShift,liveintent,-0.014083741,0.02259925,0.036682991,2.6046340244399553,10298543.94665,-145042.02562173642,232739.36928633004,377781.3949080665,377781.3949080665,100.0,-14504202.562173642,23273936.928633004,37778139.49080665,37778139.49080665
"multi|beehiiv,liveintent,moloco|0.020759|0.006689|LogNormal","beehiiv,liveintent,moloco","{""beehiiv"": {""dist"": ""LogNormal"", ""mu"": 0.020759, ""sigma"": 0.006689}, ""liveintent"": {""dist"": ""LogNormal"", ""mu"": 0.020759, ""sigma"": 0.006689}, ""moloco"": {""dist"": ""LogNormal"", ""mu"": 0.020759, ""sigma"": 0.006689}}",snapchat,REVIEW,REVIEW:PriorPosteriorShift,PriorPosteriorShift,liveintent,0.040842675,0.037552167,0.0032905080000000045,0.08056543798857452,4342436.908989999,177356.73938188315,163067.91599335626,-14288.823388526886,14288.823388526886,100.0,17735673.938188314,16306791.599335626,-1428882.3388526887,1428882.3388526887
"multi|beehiiv,liveintent,moloco|0.020759|0.006689|LogNormal","beehiiv,liveintent,moloco","{""beehiiv"": {""dist"": ""LogNormal"", ""mu"": 0.020759, ""sigma"": 0.006689}, ""liveintent"": {""dist"": ""LogNormal"", ""mu"": 0.020759, ""sigma"": 0.006689}, ""moloco"": {""dist"": ""LogNormal"", ""mu"": 0.020759, ""sigma"": 0.006689}}",tiktok,REVIEW,REVIEW:PriorPosteriorShift,PriorPosteriorShift,liveintent,-0.0076278066,0.048138693,0.055766499600000005,7.310948287545728,1752685.0091300001,-13369.142280362876,84371.96558021128,97741.10786057416,97741.10786057416,100.0,-1336914.2280362875,8437196.558021128,9774110.786057416,9774110.786057416
"multi|beehiiv,liveintent,moloco|0.020759|0.006689|LogNormal","beehiiv,liveintent,moloco","{""beehiiv"": {""dist"": ""LogNormal"", ""mu"": 0.020759, ""sigma"": 0.006689}, ""liveintent"": {""dist"": ""LogNormal"", ""mu"": 0.020759, ""sigma"": 0.006689}, ""moloco"": {""dist"": ""LogNormal"", ""mu"": 0.020759, ""sigma"": 0.006689}}",moloco,REVIEW,REVIEW:PriorPosteriorShift,PriorPosteriorShift,liveintent,0.053634446,0.021207612,0.032426834,0.6045897071445466,842234.6095886,45172.78668731085,17861.78481312651,-27311.00187418434,27311.00187418434,100.0,4517278.668731085,1786178.481312651,-2731100.187418434,2731100.187418434
"multi|beehiiv,liveintent,moloco|0.020759|0.006689|LogNormal","beehiiv,liveintent,moloco","{""beehiiv"": {""dist"": ""LogNormal"", ""mu"": 0.020759, ""sigma"": 0.006689}, ""liveintent"": {""dist"": ""LogNormal"", ""mu"": 0.020759, ""sigma"": 0.006689}, ""moloco"": {""dist"": ""LogNormal"", ""mu"": 0.020759, ""sigma"": 0.006689}}",liveintent,REVIEW,REVIEW:PriorPosteriorShift,PriorPosteriorShift,liveintent,0.05361623,0.020783639,0.032832591,0.6123629169749534,797987.173079,42785.06380885347,16585.077331904453,-26199.986476949016,26199.986476949016,100.0,4278506.380885347,1658507.7331904452,-2619998.6476949016,2619998.6476949016
"multi|beehiiv,liveintent,moloco|0.020759|0.006689|LogNormal","beehiiv,liveintent,moloco","{""beehiiv"": {""dist"": ""LogNormal"", ""mu"": 0.020759, ""sigma"": 0.006689}, ""liveintent"": {""dist"": ""LogNormal"", ""mu"": 0.020759, ""sigma"": 0.006689}, ""moloco"": {""dist"": ""LogNormal"", ""mu"": 0.020759, ""sigma"": 0.006689}}",beehiiv,REVIEW,REVIEW:PriorPosteriorShift,PriorPosteriorShift,liveintent,0.053885467,0.020947669,0.032937798000000004,0.6112556842088795,328172.2732613,17683.71620113676,6874.444155255263,-10809.272045881498,10809.272045881498,100.0,1768371.6201136762,687444.4155255263,-1080927.20458815,1080927.20458815
"multi|beehiiv,liveintent,moloco|0.020759|0.006689|LogNormal","beehiiv,liveintent,moloco","{""beehiiv"": {""dist"": ""LogNormal"", ""mu"": 0.020759, ""sigma"": 0.006689}, ""liveintent"": {""dist"": ""LogNormal"", ""mu"": 0.020759, ""sigma"": 0.006689}, ""moloco"": {""dist"": ""LogNormal"", ""mu"": 0.020759, ""sigma"": 0.006689}}",amazon,REVIEW,REVIEW:PriorPosteriorShift,PriorPosteriorShift,liveintent,0.28516877,0.17972049,0.10544828,0.36977499324347474,15740.258094,4488.630040148525,2828.8468973801464,-1659.7831427683786,1659.7831427683786,100.0,448863.0040148525,282884.68973801465,-165978.31427683786,165978.31427683786
"multi|beehiiv,liveintent,moloco|0.020759|0.016722|Normal","beehiiv,liveintent,moloco","{""beehiiv"": {""dist"": ""Normal"", ""mu"": 0.020759, ""sigma"": 0.016722}, ""liveintent"": {""dist"": ""Normal"", ""mu"": 0.020759, ""sigma"": 0.016722}, ""moloco"": {""dist"": ""Normal"", ""mu"": 0.020759, ""sigma"": 0.016722}}",meta,PASS,PASS,,,-0.039971717,-0.03032168,0.009650036999999997,0.24142162819775792,840158.1265220001,-33582.56286858758,-25475.0058617996,8107.557006787978,8107.557006787978,100.0,-3358256.286858758,-2547500.58617996,810755.7006787979,810755.7006787979
"multi|beehiiv,liveintent,moloco|0.020759|0.016722|Normal","beehiiv,liveintent,moloco","{""beehiiv"": {""dist"": ""Normal"", ""mu"": 0.020759, ""sigma"": 0.016722}, ""liveintent"": {""dist"": ""Normal"", ""mu"": 0.020759, ""sigma"": 0.016722}, ""moloco"": {""dist"": ""Normal"", ""mu"": 0.020759, ""sigma"": 0.016722}}",google,PASS,PASS,,,-0.014083741,-0.0060764565,0.0080072845,0.5685481222638218,10298543.94665,-145042.02562173642,-62578.65430515705,82463.37131657937,82463.37131657937,100.0,-14504202.562173642,-6257865.430515705,8246337.131657938,8246337.131657938
"multi|beehiiv,liveintent,moloco|0.020759|0.016722|Normal","beehiiv,liveintent,moloco","{""beehiiv"": {""dist"": ""Normal"", ""mu"": 0.020759, ""sigma"": 0.016722}, ""liveintent"": {""dist"": ""Normal"", ""mu"": 0.020759, ""sigma"": 0.016722}, ""moloco"": {""dist"": ""Normal"", ""mu"": 0.020759, ""sigma"": 0.016722}}",snapchat,PASS,PASS,,,0.040842675,0.033312626,0.007530049000000004,0.1843671845685917,4342436.908989999,177356.73938188315,144657.9766777799,-32698.762704103254,32698.762704103254,100.0,17735673.938188314,14465797.667777989,-3269876.2704103254,3269876.2704103254
"multi|beehiiv,liveintent,moloco|0.020759|0.016722|Normal","beehiiv,liveintent,moloco","{""beehiiv"": {""dist"": ""Normal"", ""mu"": 0.020759, ""sigma"": 0.016722}, ""liveintent"": {""dist"": ""Normal"", ""mu"": 0.020759, ""sigma"": 0.016722}, ""moloco"": {""dist"": ""Normal"", ""mu"": 0.020759, ""sigma"": 0.016722}}",tiktok,PASS,PASS,,,-0.0076278066,-0.008039105,0.0004112983999999993,0.053920926626535026,1752685.0091300001,-13369.142280362876,-14090.01882032203,-720.8765399591539,720.8765399591539,100.0,-1336914.2280362875,-1409001.882032203,-72087.65399591555,72087.65399591555
"multi|beehiiv,liveintent,moloco|0.020759|0.016722|Normal","beehiiv,liveintent,moloco","{""beehiiv"": {""dist"": ""Normal"", ""mu"": 0.020759, ""sigma"": 0.016722}, ""liveintent"": {""dist"": ""Normal"", ""mu"": 0.020759, ""sigma"": 0.016722}, ""moloco"": {""dist"": ""Normal"", ""mu"": 0.020759, ""sigma"": 0.016722}}",moloco,PASS,PASS,,,0.053634446,0.024695016,0.028939430000000002,0.5395679858425311,842234.6095886,45172.78668731085,20798.99715954423,-24373.78952776662,24373.78952776662,100.0,4517278.668731085,2079899.715954423,-2437378.952776662,2437378.952776662
"multi|beehiiv,liveintent,moloco|0.020759|0.016722|Normal","beehiiv,liveintent,moloco","{""beehiiv"": {""dist"": ""Normal"", ""mu"": 0.020759, ""sigma"": 0.016722}, ""liveintent"": {""dist"": ""Normal"", ""mu"": 0.020759, ""sigma"": 0.016722}, ""moloco"": {""dist"": ""Normal"", ""mu"": 0.020759, ""sigma"": 0.016722}}",liveintent,PASS,PASS,,,0.05361623,0.022452563,0.031163667000000003,0.5812357004586112,797987.173079,42785.06380885347,17916.85727674815,-24868.20653210532,24868.20653210532,100.0,4278506.380885347,1791685.7276748149,-2486820.653210532,2486820.653210532
"multi|beehiiv,liveintent,moloco|0.020759|0.016722|Normal","beehiiv,liveintent,moloco","{""beehiiv"": {""dist"": ""Normal"", ""mu"": 0.020759, ""sigma"": 0.016722}, ""liveintent"": {""dist"": ""Normal"", ""mu"": 0.020759, ""sigma"": 0.016722}, ""moloco"": {""dist"": ""Normal"", ""mu"": 0.020759, ""sigma"": 0.016722}}",beehiiv,PASS,PASS,,,0.053885467,0.022851301,0.031034166,0.5759283110601974,328172.2732613,17683.71620113676,7499.163396148218,-10184.552804988543,10184.552804988543,100.0,1768371.6201136762,749916.3396148218,-1018455.2804988544,1018455.2804988544
"multi|beehiiv,liveintent,moloco|0.020759|0.016722|Normal","beehiiv,liveintent,moloco","{""beehiiv"": {""dist"": ""Normal"", ""mu"": 0.020759, ""sigma"": 0.016722}, ""liveintent"": {""dist"": ""Normal"", ""mu"": 0.020759, ""sigma"": 0.016722}, ""moloco"": {""dist"": ""Normal"", ""mu"": 0.020759, ""sigma"": 0.016722}}",amazon,PASS,PASS,,,0.28516877,0.2722773,0.012891470000000016,0.04520645791613165,15740.258094,4488.630040148525,4285.714975137466,-202.9150650110587,202.9150650110587,100.0,448863.0040148525,428571.4975137466,-20291.506501105905,20291.506501105905
"multi|beehiiv,liveintent,moloco|0.020759|0.016722|LogNormal","beehiiv,liveintent,moloco","{""beehiiv"": {""dist"": ""LogNormal"", ""mu"": 0.020759, ""sigma"": 0.016722}, ""liveintent"": {""dist"": ""LogNormal"", ""mu"": 0.020759, ""sigma"": 0.016722}, ""moloco"": {""dist"": ""LogNormal"", ""mu"": 0.020759, ""sigma"": 0.016722}}",meta,REVIEW,REVIEW:ROIConsistency,ROIConsistency,google,-0.039971717,0.031102085,0.07107380199999999,1.778102301684964,840158.1265220001,-33582.56286858758,26130.669464528,59713.23233311558,59713.23233311558,100.0,-3358256.286858758,2613066.9464528,5971323.233311558,5971323.233311558
"multi|beehiiv,liveintent,moloco|0.020759|0.016722|LogNormal","beehiiv,liveintent,moloco","{""beehiiv"": {""dist"": ""LogNormal"", ""mu"": 0.020759, ""sigma"": 0.016722}, ""liveintent"": {""dist"": ""LogNormal"", ""mu"": 0.020759, ""sigma"": 0.016722}, ""moloco"": {""dist"": ""LogNormal"", ""mu"": 0.020759, ""sigma"": 0.016722}}",google,REVIEW,REVIEW:ROIConsistency,ROIConsistency,google,-0.014083741,0.022679938,0.036763679,2.6103631840432167,10298543.94665,-145042.02562173642,233570.33820029732,378612.36382203375,378612.36382203375,100.0,-14504202.562173642,23357033.82002973,37861236.38220337,37861236.38220337
"multi|beehiiv,liveintent,moloco|0.020759|0.016722|LogNormal","beehiiv,liveintent,moloco","{""beehiiv"": {""dist"": ""LogNormal"", ""mu"": 0.020759, ""sigma"": 0.016722}, ""liveintent"": {""dist"": ""LogNormal"", ""mu"": 0.020759, ""sigma"": 0.016722}, ""moloco"": {""dist"": ""LogNormal"", ""mu"": 0.020759, ""sigma"": 0.016722}}",snapchat,REVIEW,REVIEW:ROIConsistency,ROIConsistency,google,0.040842675,0.03758616,0.0032565150000000015,0.07973314676377097,4342436.908989999,177356.73938188315,163215.52845120357,-14141.210930679576,14141.210930679576,100.0,17735673.938188314,16321552.845120357,-1414121.093067957,1414121.093067957
"multi|beehiiv,liveintent,moloco|0.020759|0.016722|LogNormal","beehiiv,liveintent,moloco","{""beehiiv"": {""dist"": ""LogNormal"", ""mu"": 0.020759, ""sigma"": 0.016722}, ""liveintent"": {""dist"": ""LogNormal"", ""mu"": 0.020759, ""sigma"": 0.016722}, ""moloco"": {""dist"": ""LogNormal"", ""mu"": 0.020759, ""sigma"": 0.016722}}",tiktok,REVIEW,REVIEW:ROIConsistency,ROIConsistency,google,-0.0076278066,0.04694884,0.0545766466,7.15495940864573,1752685.0091300001,-13369.142280362876,82286.52806404291,95655.6703444058,95655.6703444058,100.0,-1336914.2280362875,8228652.806404291,9565567.034440579,9565567.034440579
"multi|beehiiv,liveintent,moloco|0.020759|0.016722|LogNormal","beehiiv,liveintent,moloco","{""beehiiv"": {""dist"": ""LogNormal"", ""mu"": 0.020759, ""sigma"": 0.016722}, ""liveintent"": {""dist"": ""LogNormal"", ""mu"": 0.020759, ""sigma"": 0.016722}, ""moloco"": {""dist"": ""LogNormal"", ""mu"": 0.020759, ""sigma"": 0.016722}}",moloco,REVIEW,REVIEW:ROIConsistency,ROIConsistency,google,0.053634446,0.022105724,0.031528722,0.5878446474491412,842234.6095886,45172.78668731085,18618.205822813346,-26554.580864497504,26554.580864497504,100.0,4517278.668731085,1861820.5822813346,-2655458.0864497507,2655458.0864497507
"multi|beehiiv,liveintent,moloco|0.020759|0.016722|LogNormal","beehiiv,liveintent,moloco","{""beehiiv"": {""dist"": ""LogNormal"", ""mu"": 0.020759, ""sigma"": 0.016722}, ""liveintent"": {""dist"": ""LogNormal"", ""mu"": 0.020759, ""sigma"": 0.016722}, ""moloco"": {""dist"": ""LogNormal"", ""mu"": 0.020759, ""sigma"": 0.016722}}",liveintent,REVIEW,REVIEW:ROIConsistency,ROIConsistency,google,0.05361623,0.019336492,0.034279738000000004,0.6393537553833979,797987.173079,42785.06380885347,15430.272588344698,-27354.79122050877,27354.79122050877,100.0,4278506.380885347,1543027.2588344698,-2735479.1220508767,2735479.1220508767
"multi|beehiiv,liveintent,moloco|0.020759|0.016722|LogNormal","beehiiv,liveintent,moloco","{""beehiiv"": {""dist"": ""LogNormal"", ""mu"": 0.020759, ""sigma"": 0.016722}, ""liveintent"": {""dist"": ""LogNormal"", ""mu"": 0.020759, ""sigma"": 0.016722}, ""moloco"": {""dist"": ""LogNormal"", ""mu"": 0.020759, ""sigma"": 0.016722}}",beehiiv,REVIEW,REVIEW:ROIConsistency,ROIConsistency,google,0.053885467,0.02135442,0.032531047,0.6037072481899433,328172.2732613,17683.71620113676,7007.928555576569,-10675.787645560193,10675.787645560193,100.0,1768371.6201136762,700792.855557657,-1067578.764556019,1067578.764556019
"multi|beehiiv,liveintent,moloco|0.020759|0.016722|LogNormal","beehiiv,liveintent,moloco","{""beehiiv"": {""dist"": ""LogNormal"", ""mu"": 0.020759, ""sigma"": 0.016722}, ""liveintent"": {""dist"": ""LogNormal"", ""mu"": 0.020759, ""sigma"": 0.016722}, ""moloco"": {""dist"": ""LogNormal"", ""mu"": 0.020759, ""sigma"": 0.016722}}",amazon,REVIEW,REVIEW:ROIConsistency,ROIConsistency,google,0.28516877,0.17604087,0.10912790000000003,0.38267829959080024,15740.258094,4488.630040148525,2770.928728892302,-1717.701311256223,1717.701311256223,100.0,448863.0040148525,277092.8728892302,-171770.1311256223,171770.1311256223
"multi|beehiiv,liveintent,moloco|0.020759|0.033445|Normal","beehiiv,liveintent,moloco","{""beehiiv"": {""dist"": ""Normal"", ""mu"": 0.020759, ""sigma"": 0.033445}, ""liveintent"": {""dist"": ""Normal"", ""mu"": 0.020759, ""sigma"": 0.033445}, ""moloco"": {""dist"": ""Normal"", ""mu"": 0.020759, ""sigma"": 0.033445}}",meta,PASS,PASS,,,-0.039971717,-0.03317059,0.006801126999999997,0.1701484827384322,840158.1265220001,-33582.56286858758,-27868.54075002939,5714.022118558187,5714.022118558187,100.0,-3358256.286858758,-2786854.075002939,571402.211855819,571402.211855819
"multi|beehiiv,liveintent,moloco|0.020759|0.033445|Normal","beehiiv,liveintent,moloco","{""beehiiv"": {""dist"": ""Normal"", ""mu"": 0.020759, ""sigma"": 0.033445}, ""liveintent"": {""dist"": ""Normal"", ""mu"": 0.020759, ""sigma"": 0.033445}, ""moloco"": {""dist"": ""Normal"", ""mu"": 0.020759, ""sigma"": 0.033445}}",google,PASS,PASS,,,-0.014083741,-0.0074411454,0.0066425956000000005,0.47164994016859585,10298543.94665,-145042.02562173642,-76632.9629153125,68409.06270642392,68409.06270642392,100.0,-14504202.562173642,-7663296.29153125,6840906.270642392,6840906.270642392
"multi|beehiiv,liveintent,moloco|0.020759|0.033445|Normal","beehiiv,liveintent,moloco","{""beehiiv"": {""dist"": ""Normal"", ""mu"": 0.020759, ""sigma"": 0.033445}, ""liveintent"": {""dist"": ""Normal"", ""mu"": 0.020759, ""sigma"": 0.033445}, ""moloco"": {""dist"": ""Normal"", ""mu"": 0.020759, ""sigma"": 0.033445}}",snapchat,PASS,PASS,,,0.040842675,0.03676043,0.004082245000000005,0.09995048071655455,4342436.908989999,177356.73938188315,159629.84802234324,-17726.891359539906,17726.891359539906,100.0,17735673.938188314,15962984.802234324,-1772689.1359539907,1772689.1359539907
"multi|beehiiv,liveintent,moloco|0.020759|0.033445|Normal","beehiiv,liveintent,moloco","{""beehiiv"": {""dist"": ""Normal"", ""mu"": 0.020759, ""sigma"": 0.033445}, ""liveintent"": {""dist"": ""Normal"", ""mu"": 0.020759, ""sigma"": 0.033445}, ""moloco"": {""dist"": ""Normal"", ""mu"": 0.020759, ""sigma"": 0.033445}}",tiktok,PASS,PASS,,,-0.0076278066,-0.0064407573,0.0011870493000000005,0.15562131583147376,1752685.0091300001,-13369.142280362876,-11288.618767154614,2080.5235132082616,2080.5235132082616,100.0,-1336914.2280362875,-1128861.8767154615,208052.35132082598,208052.35132082598
"multi|beehiiv,liveintent,moloco|0.020759|0.033445|Normal","beehiiv,liveintent,moloco","{""beehiiv"": {""dist"": ""Normal"", ""mu"": 0.020759, ""sigma"": 0.033445}, ""liveintent"": {""dist"": ""Normal"", ""mu"": 0.020759, ""sigma"": 0.033445}, ""moloco"": {""dist"": ""Normal"", ""mu"": 0.020759, ""sigma"": 0.033445}}",moloco,PASS,PASS,,,0.053634446,0.03290005,0.020734396000000002,0.3865873062248093,842234.6095886,45172.78668731085,27709.56076719542,-17463.22592011543,17463.22592011543,100.0,4517278.668731085,2770956.076719542,-1746322.592011543,1746322.592011543
"multi|beehiiv,liveintent,moloco|0.020759|0.033445|Normal","beehiiv,liveintent,moloco","{""beehiiv"": {""dist"": ""Normal"", ""mu"": 0.020759, ""sigma"": 0.033445}, ""liveintent"": {""dist"": ""Normal"", ""mu"": 0.020759, ""sigma"": 0.033445}, ""moloco"": {""dist"": ""Normal"", ""mu"": 0.020759, ""sigma"": 0.033445}}",liveintent,PASS,PASS,,,0.05361623,0.027257262,0.026358968,0.49162292835583554,797987.173079,42785.06380885347,21750.94544925365,-21034.11835959982,21034.11835959982,100.0,4278506.380885347,2175094.544925365,-2103411.8359599817,2103411.8359599817
"multi|beehiiv,liveintent,moloco|0.020759|0.033445|Normal","beehiiv,liveintent,moloco","{""beehiiv"": {""dist"": ""Normal"", ""mu"": 0.020759, ""sigma"": 0.033445}, ""liveintent"": {""dist"": ""Normal"", ""mu"": 0.020759, ""sigma"": 0.033445}, ""moloco"": {""dist"": ""Normal"", ""mu"": 0.020759, ""sigma"": 0.033445}}",beehiiv,PASS,PASS,,,0.053885467,0.02810632,0.025779147,0.478406302018316,328172.2732613,17683.71620113676,9223.71492740954,-8460.00127372722,8460.00127372722,100.0,1768371.6201136762,922371.492740954,-846000.1273727221,846000.1273727221
"multi|beehiiv,liveintent,moloco|0.020759|0.033445|Normal","beehiiv,liveintent,moloco","{""beehiiv"": {""dist"": ""Normal"", ""mu"": 0.020759, ""sigma"": 0.033445}, ""liveintent"": {""dist"": ""Normal"", ""mu"": 0.020759, ""sigma"": 0.033445}, ""moloco"": {""dist"": ""Normal"", ""mu"": 0.020759, ""sigma"": 0.033445}}",amazon,PASS,PASS,,,0.28516877,0.26767063,0.017498139999999995,0.061360646188571066,15740.258094,4488.630040148525,4213.20480038358,-275.4252397649452,275.4252397649452,100.0,448863.0040148525,421320.48003835796,-27542.523976494558,27542.523976494558
"multi|beehiiv,liveintent,moloco|0.020759|0.033445|LogNormal","beehiiv,liveintent,moloco","{""beehiiv"": {""dist"": ""LogNormal"", ""mu"": 0.020759, ""sigma"": 0.033445}, ""liveintent"": {""dist"": ""LogNormal"", ""mu"": 0.020759, ""sigma"": 0.033445}, ""moloco"": {""dist"": ""LogNormal"", ""mu"": 0.020759, ""sigma"": 0.033445}}",meta,REVIEW,REVIEW:ROIConsistency,ROIConsistency,google,-0.039971717,0.031644408,0.071616125,1.7916699700440688,840158.1265220001,-33582.56286858758,26586.30654017779,60168.86940876537,60168.86940876537,100.0,-3358256.286858758,2658630.654017779,6016886.940876537,6016886.940876537
"multi|beehiiv,liveintent,moloco|0.020759|0.033445|LogNormal","beehiiv,liveintent,moloco","{""beehiiv"": {""dist"": ""LogNormal"", ""mu"": 0.020759, ""sigma"": 0.033445}, ""liveintent"": {""dist"": ""LogNormal"", ""mu"": 0.020759, ""sigma"": 0.033445}, ""moloco"": {""dist"": ""LogNormal"", ""mu"": 0.020759, ""sigma"": 0.033445}}",google,REVIEW,REVIEW:ROIConsistency,ROIConsistency,google,-0.014083741,0.022685692,0.036769433000000004,2.6107717402641812,10298543.94665,-145042.02562173642,233629.59602216634,378671.62164390273,378671.62164390273,100.0,-14504202.562173642,23362959.602216635,37867162.16439028,37867162.16439028
"multi|beehiiv,liveintent,moloco|0.020759|0.033445|LogNormal","beehiiv,liveintent,moloco","{""beehiiv"": {""dist"": ""LogNormal"", ""mu"": 0.020759, ""sigma"": 0.033445}, ""liveintent"": {""dist"": ""LogNormal"", ""mu"": 0.020759, ""sigma"": 0.033445}, ""moloco"": {""dist"": ""LogNormal"", ""mu"": 0.020759, ""sigma"": 0.033445}}",snapchat,REVIEW,REVIEW:ROIConsistency,ROIConsistency,google,0.040842675,0.03791095,0.002931725000000003,0.07178092522098523,4342436.908989999,177356.73938188315,164625.9085348744,-12730.830847008736,12730.830847008736,100.0,17735673.938188314,16462590.853487441,-1273083.0847008731,1273083.0847008731
"multi|beehiiv,liveintent,moloco|0.020759|0.033445|LogNormal","beehiiv,liveintent,moloco","{""beehiiv"": {""dist"": ""LogNormal"", ""mu"": 0.020759, ""sigma"": 0.033445}, ""liveintent"": {""dist"": ""LogNormal"", ""mu"": 0.020759, ""sigma"": 0.033445}, ""moloco"": {""dist"": ""LogNormal"", ""mu"": 0.020759, ""sigma"": 0.033445}}",tiktok,REVIEW,REVIEW:ROIConsistency,ROIConsistency,google,-0.0076278066,0.04809864,0.0557264466,7.30569736783835,1752685.0091300001,-13369.142280362876,84301.76528754059,97670.90756790347,97670.90756790347,100.0,-1336914.2280362875,8430176.52875406,9767090.756790347,9767090.756790347
"multi|beehiiv,liveintent,moloco|0.020759|0.033445|LogNormal","beehiiv,liveintent,moloco","{""beehiiv"": {""dist"": ""LogNormal"", ""mu"": 0.020759, ""sigma"": 0.033445}, ""liveintent"": {""dist"": ""LogNormal"", ""mu"": 0.020759, ""sigma"": 0.033445}, ""moloco"": {""dist"": ""LogNormal"", ""mu"": 0.020759, ""sigma"": 0.033445}}",moloco,REVIEW,REVIEW:ROIConsistency,ROIConsistency,google,0.053634446,0.020449959,0.033184487,0.6187159460918082,842234.6095886,45172.78668731085,17223.663234467876,-27949.123452842974,27949.123452842974,100.0,4517278.668731085,1722366.3234467877,-2794912.345284297,2794912.345284297
"multi|beehiiv,liveintent,moloco|0.020759|0.033445|LogNormal","beehiiv,liveintent,moloco","{""beehiiv"": {""dist"": ""LogNormal"", ""mu"": 0.020759, ""sigma"": 0.033445}, ""liveintent"": {""dist"": ""LogNormal"", ""mu"": 0.020759, ""sigma"": 0.033445}, ""moloco"": {""dist"": ""LogNormal"", ""mu"": 0.020759, ""sigma"": 0.033445}}",liveintent,REVIEW,REVIEW:ROIConsistency,ROIConsistency,google,0.05361623,0.016891066,0.036725164000000005,0.6849635642043463,797987.173079,42785.06380885347,13478.85400763081,-29306.209801222656,29306.209801222656,100.0,4278506.380885347,1347885.4007630812,-2930620.9801222654,2930620.9801222654
"multi|beehiiv,liveintent,moloco|0.020759|0.033445|LogNormal","beehiiv,liveintent,moloco","{""beehiiv"": {""dist"": ""LogNormal"", ""mu"": 0.020759, ""sigma"": 0.033445}, ""liveintent"": {""dist"": ""LogNormal"", ""mu"": 0.020759, ""sigma"": 0.033445}, ""moloco"": {""dist"": ""LogNormal"", ""mu"": 0.020759, ""sigma"": 0.033445}}",beehiiv,REVIEW,REVIEW:ROIConsistency,ROIConsistency,google,0.053885467,0.023685955,0.030199511999999998,0.5604389027564705,328172.2732613,17683.71620113676,7773.073696714856,-9910.642504421907,9910.642504421907,100.0,1768371.6201136762,777307.3696714856,-991064.2504421906,991064.2504421906
"multi|beehiiv,liveintent,moloco|0.020759|0.033445|LogNormal","beehiiv,liveintent,moloco","{""beehiiv"": {""dist"": ""LogNormal"", ""mu"": 0.020759, ""sigma"": 0.033445}, ""liveintent"": {""dist"": ""LogNormal"", ""mu"": 0.020759, ""sigma"": 0.033445}, ""moloco"": {""dist"": ""LogNormal"", ""mu"": 0.020759, ""sigma"": 0.033445}}",amazon,REVIEW,REVIEW:ROIConsistency,ROIConsistency,google,0.28516877,0.18030894,0.10485983000000001,0.36771147836419815,15740.258094,4488.630040148525,2838.1092522555605,-1650.5207878929646,1650.5207878929646,100.0,448863.0040148525,283810.9252255561,-165052.07878929644,165052.07878929644
"multi|beehiiv,liveintent,moloco|0.051898|0.006689|Normal","beehiiv,liveintent,moloco","{""beehiiv"": {""dist"": ""Normal"", ""mu"": 0.051898, ""sigma"": 0.006689}, ""liveintent"": {""dist"": ""Normal"", ""mu"": 0.051898, ""sigma"": 0.006689}, ""moloco"": {""dist"": ""Normal"", ""mu"": 0.051898, ""sigma"": 0.006689}}",meta,REVIEW,REVIEW:PriorPosteriorShift,PriorPosteriorShift,"moloco,liveintent",-0.039971717,-0.037575398,0.002396318999999994,0.05995036440391077,840158.1265220001,-33582.56286858758,-31569.27598699851,2013.2868815890688,2013.2868815890688,100.0,-3358256.286858758,-3156927.598699851,201328.688158907,201328.688158907
"multi|beehiiv,liveintent,moloco|0.051898|0.006689|Normal","beehiiv,liveintent,moloco","{""beehiiv"": {""dist"": ""Normal"", ""mu"": 0.051898, ""sigma"": 0.006689}, ""liveintent"": {""dist"": ""Normal"", ""mu"": 0.051898, ""sigma"": 0.006689}, ""moloco"": {""dist"": ""Normal"", ""mu"": 0.051898, ""sigma"": 0.006689}}",google,REVIEW,REVIEW:PriorPosteriorShift,PriorPosteriorShift,"moloco,liveintent",-0.014083741,-0.012624968,0.001458773,0.10357851653193562,10298543.94665,-145042.02562173642,-130018.78777304996,15023.237848686462,15023.237848686462,100.0,-14504202.562173642,-13001878.777304996,1502323.7848686464,1502323.7848686464
"multi|beehiiv,liveintent,moloco|0.051898|0.006689|Normal","beehiiv,liveintent,moloco","{""beehiiv"": {""dist"": ""Normal"", ""mu"": 0.051898, ""sigma"": 0.006689}, ""liveintent"": {""dist"": ""Normal"", ""mu"": 0.051898, ""sigma"": 0.006689}, ""moloco"": {""dist"": ""Normal"", ""mu"": 0.051898, ""sigma"": 0.006689}}",snapchat,REVIEW,REVIEW:PriorPosteriorShift,PriorPosteriorShift,"moloco,liveintent",0.040842675,0.03965821,0.0011844650000000026,0.02900067147903518,4342436.908989999,177356.73938188315,172213.27484847629,-5143.464533406863,5143.464533406863,100.0,17735673.938188314,17221327.484847628,-514346.45334068686,514346.45334068686
"multi|beehiiv,liveintent,moloco|0.051898|0.006689|Normal","beehiiv,liveintent,moloco","{""beehiiv"": {""dist"": ""Normal"", ""mu"": 0.051898, ""sigma"": 0.006689}, ""liveintent"": {""dist"": ""Normal"", ""mu"": 0.051898, ""sigma"": 0.006689}, ""moloco"": {""dist"": ""Normal"", ""mu"": 0.051898, ""sigma"": 0.006689}}",tiktok,REVIEW,REVIEW:PriorPosteriorShift,PriorPosteriorShift,"moloco,liveintent",-0.0076278066,-0.01031943,0.002691623399999999,0.3528699062716141,1752685.0091300001,-13369.142280362876,-18086.710263766396,-4717.56798340352,4717.56798340352,100.0,-1336914.2280362875,-1808671.0263766395,-471756.798340352,471756.798340352
"multi|beehiiv,liveintent,moloco|0.051898|0.006689|Normal","beehiiv,liveintent,moloco","{""beehiiv"": {""dist"": ""Normal"", ""mu"": 0.051898, ""sigma"": 0.006689}, ""liveintent"": {""dist"": ""Normal"", ""mu"": 0.051898, ""sigma"": 0.006689}, ""moloco"": {""dist"": ""Normal"", ""mu"": 0.051898, ""sigma"": 0.006689}}",moloco,REVIEW,REVIEW:PriorPosteriorShift,PriorPosteriorShift,"moloco,liveintent",0.053634446,0.05213012,0.0015043260000000003,0.028047758710885162,842234.6095886,45172.78668731085,43905.79126600687,-1266.9954213039819,1266.9954213039819,100.0,4517278.668731085,4390579.126600686,-126699.54213039856,126699.54213039856
"multi|beehiiv,liveintent,moloco|0.051898|0.006689|Normal","beehiiv,liveintent,moloco","{""beehiiv"": {""dist"": ""Normal"", ""mu"": 0.051898, ""sigma"": 0.006689}, ""liveintent"": {""dist"": ""Normal"", ""mu"": 0.051898, ""sigma"": 0.006689}, ""moloco"": {""dist"": ""Normal"", ""mu"": 0.051898, ""sigma"": 0.006689}}",liveintent,REVIEW,REVIEW:PriorPosteriorShift,PriorPosteriorShift,"moloco,liveintent",0.05361623,0.051951192,0.0016650380000000006,0.03105473846258866,797987.173079,42785.06380885347,41456.384842164356,-1328.6789666891127,1328.6789666891127,100.0,4278506.380885347,4145638.484216436,-132867.89666891098,132867.89666891098
"multi|beehiiv,liveintent,moloco|0.051898|0.006689|Normal","beehiiv,liveintent,moloco","{""beehiiv"": {""dist"": ""Normal"", ""mu"": 0.051898, ""sigma"": 0.006689}, ""liveintent"": {""dist"": ""Normal"", ""mu"": 0.051898, ""sigma"": 0.006689}, ""moloco"": {""dist"": ""Normal"", ""mu"": 0.051898, ""sigma"": 0.006689}}",beehiiv,REVIEW,REVIEW:PriorPosteriorShift,PriorPosteriorShift,"moloco,liveintent",0.053885467,0.052333385,0.0015520819999999963,0.028803350632555458,328172.2732613,17683.71620113676,17174.36592290882,-509.3502782279429,509.3502782279429,100.0,1768371.6201136762,1717436.5922908818,-50935.02782279439,50935.02782279439
"multi|beehiiv,liveintent,moloco|0.051898|0.006689|Normal","beehiiv,liveintent,moloco","{""beehiiv"": {""dist"": ""Normal"", ""mu"": 0.051898, ""sigma"": 0.006689}, ""liveintent"": {""dist"": ""Normal"", ""mu"": 0.051898, ""sigma"": 0.006689}, ""moloco"": {""dist"": ""Normal"", ""mu"": 0.051898, ""sigma"": 0.006689}}",amazon,REVIEW,REVIEW:PriorPosteriorShift,PriorPosteriorShift,"moloco,liveintent",0.28516877,0.28189096,0.003277809999999992,0.011494281088353375,15740.258094,4488.630040148525,4437.0364647654305,-51.5935753830945,51.5935753830945,100.0,448863.0040148525,443703.64647654304,-5159.357538309472,5159.357538309472
"multi|beehiiv,liveintent,moloco|0.051898|0.006689|LogNormal","beehiiv,liveintent,moloco","{""beehiiv"": {""dist"": ""LogNormal"", ""mu"": 0.051898, ""sigma"": 0.006689}, ""liveintent"": {""dist"": ""LogNormal"", ""mu"": 0.051898, ""sigma"": 0.006689}, ""moloco"": {""dist"": ""LogNormal"", ""mu"": 0.051898, ""sigma"": 0.006689}}",meta,REVIEW,REVIEW:PriorPosteriorShift,PriorPosteriorShift,"moloco,liveintent,beehiiv",-0.039971717,0.030468158,0.070439875,1.7622429129076442,840158.1265220001,-33582.56286858758,25598.070543856287,59180.633412443865,59180.633412443865,100.0,-3358256.286858758,2559807.0543856286,5918063.3412443865,5918063.3412443865
"multi|beehiiv,liveintent,moloco|0.051898|0.006689|LogNormal","beehiiv,liveintent,moloco","{""beehiiv"": {""dist"": ""LogNormal"", ""mu"": 0.051898, ""sigma"": 0.006689}, ""liveintent"": {""dist"": ""LogNormal"", ""mu"": 0.051898, ""sigma"": 0.006689}, ""moloco"": {""dist"": ""LogNormal"", ""mu"": 0.051898, ""sigma"": 0.006689}}",google,REVIEW,REVIEW:PriorPosteriorShift,PriorPosteriorShift,"moloco,liveintent,beehiiv",-0.014083741,0.021999376,0.036083117,2.562040653829121,10298543.94665,-145042.02562173642,226561.5405348773,371603.56615661376,371603.56615661376,100.0,-14504202.562173642,22656154.05348773,37160356.61566137,37160356.61566137
"multi|beehiiv,liveintent,moloco|0.051898|0.006689|LogNormal","beehiiv,liveintent,moloco","{""beehiiv"": {""dist"": ""LogNormal"", ""mu"": 0.051898, ""sigma"": 0.006689}, ""liveintent"": {""dist"": ""LogNormal"", ""mu"": 0.051898, ""sigma"": 0.006689}, ""moloco"": {""dist"": ""LogNormal"", ""mu"": 0.051898, ""sigma"": 0.006689}}",snapchat,REVIEW,REVIEW:PriorPosteriorShift,PriorPosteriorShift,"moloco,liveintent,beehiiv",0.040842675,0.0363203,0.004522375000000002,0.11072670925692307,4342436.908989999,177356.73938188315,157718.61126558948,-19638.128116293665,19638.128116293665,100.0,17735673.938188314,15771861.126558948,-1963812.8116293661,1963812.8116293661
"multi|beehiiv,liveintent,moloco|0.051898|0.006689|LogNormal","beehiiv,liveintent,moloco","{""beehiiv"": {""dist"": ""LogNormal"", ""mu"": 0.051898, ""sigma"": 0.006689}, ""liveintent"": {""dist"": ""LogNormal"", ""mu"": 0.051898, ""sigma"": 0.006689}, ""moloco"": {""dist"": ""LogNormal"", ""mu"": 0.051898, ""sigma"": 0.006689}}",tiktok,REVIEW,REVIEW:PriorPosteriorShift,PriorPosteriorShift,"moloco,liveintent,beehiiv",-0.0076278066,0.045816883,0.053444689600000005,7.006560654015534,1752685.0091300001,-13369.142280362876,80302.56399916315,93671.70627952603,93671.70627952603,100.0,-1336914.2280362875,8030256.3999163145,9367170.627952602,9367170.627952602
"multi|beehiiv,liveintent,moloco|0.051898|0.006689|LogNormal","beehiiv,liveintent,moloco","{""beehiiv"": {""dist"": ""LogNormal"", ""mu"": 0.051898, ""sigma"": 0.006689}, ""liveintent"": {""dist"": ""LogNormal"", ""mu"": 0.051898, ""sigma"": 0.006689}, ""moloco"": {""dist"": ""LogNormal"", ""mu"": 0.051898, ""sigma"": 0.006689}}",moloco,REVIEW,REVIEW:PriorPosteriorShift,PriorPosteriorShift,"moloco,liveintent,beehiiv",0.053634446,0.051889375,0.0017450710000000008,0.03253638529239211,842234.6095886,45172.78668731085,43703.027494921465,-1469.7591923893851,1469.7591923893851,100.0,4517278.668731085,4370302.749492146,-146975.91923893895,146975.91923893895
"multi|beehiiv,liveintent,moloco|0.051898|0.006689|LogNormal","beehiiv,liveintent,moloco","{""beehiiv"": {""dist"": ""LogNormal"", ""mu"": 0.051898, ""sigma"": 0.006689}, ""liveintent"": {""dist"": ""LogNormal"", ""mu"": 0.051898, ""sigma"": 0.006689}, ""moloco"": {""dist"": ""LogNormal"", ""mu"": 0.051898, ""sigma"": 0.006689}}",liveintent,REVIEW,REVIEW:PriorPosteriorShift,PriorPosteriorShift,"moloco,liveintent,beehiiv",0.05361623,0.05177134,0.0018448900000000018,0.034409170506766396,797987.173079,42785.06380885347,41312.865253111755,-1472.1985557417138,1472.1985557417138,100.0,4278506.380885347,4131286.5253111757,-147219.85557417106,147219.85557417106
"multi|beehiiv,liveintent,moloco|0.051898|0.006689|LogNormal","beehiiv,liveintent,moloco","{""beehiiv"": {""dist"": ""LogNormal"", ""mu"": 0.051898, ""sigma"": 0.006689}, ""liveintent"": {""dist"": ""LogNormal"", ""mu"": 0.051898, ""sigma"": 0.006689}, ""moloco"": {""dist"": ""LogNormal"", ""mu"": 0.051898, ""sigma"": 0.006689}}",beehiiv,REVIEW,REVIEW:PriorPosteriorShift,PriorPosteriorShift,"moloco,liveintent,beehiiv",0.053885467,0.051845055,0.0020404119999999984,0.037865719898094174,328172.2732613,17683.71620113676,17014.109556707128,-669.6066444296339,669.6066444296339,100.0,1768371.6201136762,1701410.9556707127,-66960.66444296343,66960.66444296343
"multi|beehiiv,liveintent,moloco|0.051898|0.006689|LogNormal","beehiiv,liveintent,moloco","{""beehiiv"": {""dist"": ""LogNormal"", ""mu"": 0.051898, ""sigma"": 0.006689}, ""liveintent"": {""dist"": ""LogNormal"", ""mu"": 0.051898, ""sigma"": 0.006689}, ""moloco"": {""dist"": ""LogNormal"", ""mu"": 0.051898, ""sigma"": 0.006689}}",amazon,REVIEW,REVIEW:PriorPosteriorShift,PriorPosteriorShift,"moloco,liveintent,beehiiv",0.28516877,0.17108114,0.11408763000000002,0.40007056172385225,15740.258094,4488.630040148525,2692.8612986157473,-1795.7687415327778,1795.7687415327778,100.0,448863.0040148525,269286.12986157474,-179576.87415327778,179576.87415327778
"multi|beehiiv,liveintent,moloco|0.051898|0.016722|LogNormal","beehiiv,liveintent,moloco","{""beehiiv"": {""dist"": ""LogNormal"", ""mu"": 0.051898, ""sigma"": 0.016722}, ""liveintent"": {""dist"": ""LogNormal"", ""mu"": 0.051898, ""sigma"": 0.016722}, ""moloco"": {""dist"": ""LogNormal"", ""mu"": 0.051898, ""sigma"": 0.016722}}",meta,REVIEW,REVIEW:PriorPosteriorShift,PriorPosteriorShift,"moloco,beehiiv",-0.039971717,0.03095047,0.070922187,1.7743092447092028,840158.1265220001,-33582.56286858758,26003.28889017537,59585.85175876295,59585.85175876295,100.0,-3358256.286858758,2600328.889017537,5958585.175876295,5958585.175876295
"multi|beehiiv,liveintent,moloco|0.051898|0.016722|LogNormal","beehiiv,liveintent,moloco","{""beehiiv"": {""dist"": ""LogNormal"", ""mu"": 0.051898, ""sigma"": 0.016722}, ""liveintent"": {""dist"": ""LogNormal"", ""mu"": 0.051898, ""sigma"": 0.016722}, ""moloco"": {""dist"": ""LogNormal"", ""mu"": 0.051898, ""sigma"": 0.016722}}",google,REVIEW,REVIEW:PriorPosteriorShift,PriorPosteriorShift,"moloco,beehiiv",-0.014083741,0.02229524,0.036378981000000005,2.5830481404053085,10298543.94665,-145042.02562173642,229608.50894110897,374650.53456284537,374650.53456284537,100.0,-14504202.562173642,22960850.894110896,37465053.45628454,37465053.45628454
"multi|beehiiv,liveintent,moloco|0.051898|0.016722|LogNormal","beehiiv,liveintent,moloco","{""beehiiv"": {""dist"": ""LogNormal"", ""mu"": 0.051898, ""sigma"": 0.016722}, ""liveintent"": {""dist"": ""LogNormal"", ""mu"": 0.051898, ""sigma"": 0.016722}, ""moloco"": {""dist"": ""LogNormal"", ""mu"": 0.051898, ""sigma"": 0.016722}}",snapchat,REVIEW,REVIEW:PriorPosteriorShift,PriorPosteriorShift,"moloco,beehiiv",0.040842675,0.03634523,0.004497445000000003,0.11011631828718371,4342436.908989999,177356.73938188315,157826.8682177306,-19529.871164152544,19529.871164152544,100.0,17735673.938188314,15782686.82177306,-1952987.1164152548,1952987.1164152548
"multi|beehiiv,liveintent,moloco|0.051898|0.016722|LogNormal","beehiiv,liveintent,moloco","{""beehiiv"": {""dist"": ""LogNormal"", ""mu"": 0.051898, ""sigma"": 0.016722}, ""liveintent"": {""dist"": ""LogNormal"", ""mu"": 0.051898, ""sigma"": 0.016722}, ""moloco"": {""dist"": ""LogNormal"", ""mu"": 0.051898, ""sigma"": 0.016722}}",tiktok,REVIEW,REVIEW:PriorPosteriorShift,PriorPosteriorShift,"moloco,beehiiv",-0.0076278066,0.044756316,0.0523841226,6.867521077422177,1752685.0091300001,-13369.142280362876,78443.72411708516,91812.86639744804,91812.86639744804,100.0,-1336914.2280362875,7844372.411708516,9181286.639744803,9181286.639744803
"multi|beehiiv,liveintent,moloco|0.051898|0.016722|LogNormal","beehiiv,liveintent,moloco","{""beehiiv"": {""dist"": ""LogNormal"", ""mu"": 0.051898, ""sigma"": 0.016722}, ""liveintent"": {""dist"": ""LogNormal"", ""mu"": 0.051898, ""sigma"": 0.016722}, ""moloco"": {""dist"": ""LogNormal"", ""mu"": 0.051898, ""sigma"": 0.016722}}",moloco,REVIEW,REVIEW:PriorPosteriorShift,PriorPosteriorShift,"moloco,beehiiv",0.053634446,0.051412325,0.0022221210000000005,0.041430855834699964,842234.6095886,45172.78668731085,43301.23947441722,-1871.5472128936308,1871.5472128936308,100.0,4517278.668731085,4330123.947441722,-187154.72128936276,187154.72128936276
"multi|beehiiv,liveintent,moloco|0.051898|0.016722|LogNormal","beehiiv,liveintent,moloco","{""beehiiv"": {""dist"": ""LogNormal"", ""mu"": 0.051898, ""sigma"": 0.016722}, ""liveintent"": {""dist"": ""LogNormal"", ""mu"": 0.051898, ""sigma"": 0.016722}, ""moloco"": {""dist"": ""LogNormal"", ""mu"": 0.051898, ""sigma"": 0.016722}}",liveintent,REVIEW,REVIEW:PriorPosteriorShift,PriorPosteriorShift,"moloco,beehiiv",0.05361623,0.050790053,0.002826176999999999,0.05271122195648592,797987.173079,42785.06380885347,40529.81081400258,-2255.252994850889,2255.252994850889,100.0,4278506.380885347,4052981.081400258,-225525.2994850888,225525.2994850888
"multi|beehiiv,liveintent,moloco|0.051898|0.016722|LogNormal","beehiiv,liveintent,moloco","{""beehiiv"": {""dist"": ""LogNormal"", ""mu"": 0.051898, ""sigma"": 0.016722}, ""liveintent"": {""dist"": ""LogNormal"", ""mu"": 0.051898, ""sigma"": 0.016722}, ""moloco"": {""dist"": ""LogNormal"", ""mu"": 0.051898, ""sigma"": 0.016722}}",beehiiv,REVIEW,REVIEW:PriorPosteriorShift,PriorPosteriorShift,"moloco,beehiiv",0.053885467,0.052212667,0.001672800000000002,0.031043620722448262,328172.2732613,17683.71620113676,17134.74962242526,-548.9665787115009,548.9665787115009,100.0,1768371.6201136762,1713474.962242526,-54896.65787115018,54896.65787115018
"multi|beehiiv,liveintent,moloco|0.051898|0.016722|LogNormal","beehiiv,liveintent,moloco","{""beehiiv"": {""dist"": ""LogNormal"", ""mu"": 0.051898, ""sigma"": 0.016722}, ""liveintent"": {""dist"": ""LogNormal"", ""mu"": 0.051898, ""sigma"": 0.016722}, ""moloco"": {""dist"": ""LogNormal"", ""mu"": 0.051898, ""sigma"": 0.016722}}",amazon,REVIEW,REVIEW:PriorPosteriorShift,PriorPosteriorShift,"moloco,beehiiv",0.28516877,0.17302027,0.11214850000000001,0.3932706235679314,15740.258094,4488.630040148525,2723.3837052935655,-1765.2463348549595,1765.2463348549595,100.0,448863.0040148525,272338.3705293565,-176524.633485496,176524.633485496
"multi|beehiiv,liveintent,moloco|0.051898|0.033445|Normal","beehiiv,liveintent,moloco","{""beehiiv"": {""dist"": ""Normal"", ""mu"": 0.051898, ""sigma"": 0.033445}, ""liveintent"": {""dist"": ""Normal"", ""mu"": 0.051898, ""sigma"": 0.033445}, ""moloco"": {""dist"": ""Normal"", ""mu"": 0.051898, ""sigma"": 0.033445}}",meta,PASS,PASS,,,-0.039971717,-0.040822495,0.0008507780000000034,0.021284499737652007,840158.1265220001,-33582.56286858758,-34297.350919153716,-714.7880505661378,714.7880505661378,100.0,-3358256.286858758,-3429735.091915372,-71478.80505661387,71478.80505661387
"multi|beehiiv,liveintent,moloco|0.051898|0.033445|Normal","beehiiv,liveintent,moloco","{""beehiiv"": {""dist"": ""Normal"", ""mu"": 0.051898, ""sigma"": 0.033445}, ""liveintent"": {""dist"": ""Normal"", ""mu"": 0.051898, ""sigma"": 0.033445}, ""moloco"": {""dist"": ""Normal"", ""mu"": 0.051898, ""sigma"": 0.033445}}",google,PASS,PASS,,,-0.014083741,-0.012878425,0.0012053159999999997,0.08558209072433243,10298543.94665,-145042.02562173642,-132629.02582613603,12412.999795600394,12412.999795600394,100.0,-14504202.562173642,-13262902.582613602,1241299.97956004,1241299.97956004
"multi|beehiiv,liveintent,moloco|0.051898|0.033445|Normal","beehiiv,liveintent,moloco","{""beehiiv"": {""dist"": ""Normal"", ""mu"": 0.051898, ""sigma"": 0.033445}, ""liveintent"": {""dist"": ""Normal"", ""mu"": 0.051898, ""sigma"": 0.033445}, ""moloco"": {""dist"": ""Normal"", ""mu"": 0.051898, ""sigma"": 0.033445}}",snapchat,PASS,PASS,,,0.040842675,0.03723687,0.0036058050000000036,0.08828523107264652,4342436.908989999,177356.73938188315,161698.75866326244,-15657.980718620704,15657.980718620704,100.0,17735673.938188314,16169875.866326245,-1565798.07186207,1565798.07186207
"multi|beehiiv,liveintent,moloco|0.051898|0.033445|Normal","beehiiv,liveintent,moloco","{""beehiiv"": {""dist"": ""Normal"", ""mu"": 0.051898, ""sigma"": 0.033445}, ""liveintent"": {""dist"": ""Normal"", ""mu"": 0.051898, ""sigma"": 0.033445}, ""moloco"": {""dist"": ""Normal"", ""mu"": 0.051898, ""sigma"": 0.033445}}",tiktok,PASS,PASS,,,-0.0076278066,-0.00924181,0.0016140033999999994,0.21159469355187888,1752685.0091300001,-13369.142280362876,-16197.981844227726,-2828.839563864851,2828.839563864851,100.0,-1336914.2280362875,-1619798.1844227726,-282883.95638648514,282883.95638648514
"multi|beehiiv,liveintent,moloco|0.051898|0.033445|Normal","beehiiv,liveintent,moloco","{""beehiiv"": {""dist"": ""Normal"", ""mu"": 0.051898, ""sigma"": 0.033445}, ""liveintent"": {""dist"": ""Normal"", ""mu"": 0.051898, ""sigma"": 0.033445}, ""moloco"": {""dist"": ""Normal"", ""mu"": 0.051898, ""sigma"": 0.033445}}",moloco,PASS,PASS,,,0.053634446,0.056932334,0.003297887999999999,0.06148824581874113,842234.6095886,45172.78668731085,47950.382099457776,2777.595412146926,2777.595412146926,100.0,4517278.668731085,4795038.209945777,277759.5412146924,277759.5412146924
"multi|beehiiv,liveintent,moloco|0.051898|0.033445|Normal","beehiiv,liveintent,moloco","{""beehiiv"": {""dist"": ""Normal"", ""mu"": 0.051898, ""sigma"": 0.033445}, ""liveintent"": {""dist"": ""Normal"", ""mu"": 0.051898, ""sigma"": 0.033445}, ""moloco"": {""dist"": ""Normal"", ""mu"": 0.051898, ""sigma"": 0.033445}}",liveintent,PASS,PASS,,,0.05361623,0.057509866,0.003893635999999999,0.07262047331563593,797987.173079,42785.06380885347,45892.1353934921,3107.07158463863,3107.07158463863,100.0,4278506.380885347,4589213.5393492095,310707.1584638627,310707.1584638627
"multi|beehiiv,liveintent,moloco|0.051898|0.033445|Normal","beehiiv,liveintent,moloco","{""beehiiv"": {""dist"": ""Normal"", ""mu"": 0.051898, ""sigma"": 0.033445}, ""liveintent"": {""dist"": ""Normal"", ""mu"": 0.051898, ""sigma"": 0.033445}, ""moloco"": {""dist"": ""Normal"", ""mu"": 0.051898, ""sigma"": 0.033445}}",beehiiv,PASS,PASS,,,0.053885467,0.05900636,0.005120893000000001,0.0950329149044955,328172.2732613,17683.71620113676,19364.251298074643,1680.5350969378815,1680.5350969378815,100.0,1768371.6201136762,1936425.1298074643,168053.50969378813,168053.50969378813
"multi|beehiiv,liveintent,moloco|0.051898|0.033445|Normal","beehiiv,liveintent,moloco","{""beehiiv"": {""dist"": ""Normal"", ""mu"": 0.051898, ""sigma"": 0.033445}, ""liveintent"": {""dist"": ""Normal"", ""mu"": 0.051898, ""sigma"": 0.033445}, ""moloco"": {""dist"": ""Normal"", ""mu"": 0.051898, ""sigma"": 0.033445}}",amazon,PASS,PASS,,,0.28516877,0.2805229,0.004645869999999996,0.01629165073019745,15740.258094,4488.630040148525,4415.502847277353,-73.12719287117216,73.12719287117216,100.0,448863.0040148525,441550.28472773527,-7312.719287117245,7312.719287117245
"multi|beehiiv,liveintent,moloco|0.051898|0.033445|LogNormal","beehiiv,liveintent,moloco","{""beehiiv"": {""dist"": ""LogNormal"", ""mu"": 0.051898, ""sigma"": 0.033445}, ""liveintent"": {""dist"": ""LogNormal"", ""mu"": 0.051898, ""sigma"": 0.033445}, ""moloco"": {""dist"": ""LogNormal"", ""mu"": 0.051898, ""sigma"": 0.033445}}",meta,REVIEW,REVIEW:ROIConsistency,ROIConsistency,google,-0.039971717,0.030874332,0.070846049,1.7724044478749814,840158.1265220001,-33582.56286858758,25939.320930738235,59521.88379932581,59521.88379932581,100.0,-3358256.286858758,2593932.0930738235,5952188.379932581,5952188.379932581
"multi|beehiiv,liveintent,moloco|0.051898|0.033445|LogNormal","beehiiv,liveintent,moloco","{""beehiiv"": {""dist"": ""LogNormal"", ""mu"": 0.051898, ""sigma"": 0.033445}, ""liveintent"": {""dist"": ""LogNormal"", ""mu"": 0.051898, ""sigma"": 0.033445}, ""moloco"": {""dist"": ""LogNormal"", ""mu"": 0.051898, ""sigma"": 0.033445}}",google,REVIEW,REVIEW:ROIConsistency,ROIConsistency,google,-0.014083741,0.022498406,0.036582146999999995,2.5974737109976673,10298543.94665,-145042.02562173642,231700.82292057402,376742.8485423104,376742.8485423104,100.0,-14504202.562173642,23170082.292057402,37674284.854231045,37674284.854231045
"multi|beehiiv,liveintent,moloco|0.051898|0.033445|LogNormal","beehiiv,liveintent,moloco","{""beehiiv"": {""dist"": ""LogNormal"", ""mu"": 0.051898, ""sigma"": 0.033445}, ""liveintent"": {""dist"": ""LogNormal"", ""mu"": 0.051898, ""sigma"": 0.033445}, ""moloco"": {""dist"": ""LogNormal"", ""mu"": 0.051898, ""sigma"": 0.033445}}",snapchat,REVIEW,REVIEW:ROIConsistency,ROIConsistency,google,0.040842675,0.03704426,0.0037984149999999994,0.09300113178189229,4342436.908989999,177356.73938188315,160862.3618902219,-16494.37749166126,16494.37749166126,100.0,17735673.938188314,16086236.189022189,-1649437.7491661254,1649437.7491661254
"multi|beehiiv,liveintent,moloco|0.051898|0.033445|LogNormal","beehiiv,liveintent,moloco","{""beehiiv"": {""dist"": ""LogNormal"", ""mu"": 0.051898, ""sigma"": 0.033445}, ""liveintent"": {""dist"": ""LogNormal"", ""mu"": 0.051898, ""sigma"": 0.033445}, ""moloco"": {""dist"": ""LogNormal"", ""mu"": 0.051898, ""sigma"": 0.033445}}",tiktok,REVIEW,REVIEW:ROIConsistency,ROIConsistency,google,-0.0076278066,0.04551211,0.0531399166,6.9666051312837425,1752685.0091300001,-13369.142280362876,79768.39293087558,93137.53521123846,93137.53521123846,100.0,-1336914.2280362875,7976839.293087558,9313753.521123845,9313753.521123845
"multi|beehiiv,liveintent,moloco|0.051898|0.033445|LogNormal","beehiiv,liveintent,moloco","{""beehiiv"": {""dist"": ""LogNormal"", ""mu"": 0.051898, ""sigma"": 0.033445}, ""liveintent"": {""dist"": ""LogNormal"", ""mu"": 0.051898, ""sigma"": 0.033445}, ""moloco"": {""dist"": ""LogNormal"", ""mu"": 0.051898, ""sigma"": 0.033445}}",moloco,REVIEW,REVIEW:ROIConsistency,ROIConsistency,google,0.053634446,0.04869392,0.004940526000000001,0.09211479503302789,842234.6095886,45172.78668731085,41011.704700538525,-4161.081986772326,4161.081986772326,100.0,4517278.668731085,4101170.4700538525,-416108.1986772325,416108.1986772325
"multi|beehiiv,liveintent,moloco|0.051898|0.033445|LogNormal","beehiiv,liveintent,moloco","{""beehiiv"": {""dist"": ""LogNormal"", ""mu"": 0.051898, ""sigma"": 0.033445}, ""liveintent"": {""dist"": ""LogNormal"", ""mu"": 0.051898, ""sigma"": 0.033445}, ""moloco"": {""dist"": ""LogNormal"", ""mu"": 0.051898, ""sigma"": 0.033445}}",liveintent,REVIEW,REVIEW:ROIConsistency,ROIConsistency,google,0.05361623,0.045834742,0.007781488000000003,0.14513306884874233,797987.173079,42785.06380885347,36575.53619738531,-6209.527611468162,6209.527611468162,100.0,4278506.380885347,3657553.619738531,-620952.761146816,620952.761146816
"multi|beehiiv,liveintent,moloco|0.051898|0.033445|LogNormal","beehiiv,liveintent,moloco","{""beehiiv"": {""dist"": ""LogNormal"", ""mu"": 0.051898, ""sigma"": 0.033445}, ""liveintent"": {""dist"": ""LogNormal"", ""mu"": 0.051898, ""sigma"": 0.033445}, ""moloco"": {""dist"": ""LogNormal"", ""mu"": 0.051898, ""sigma"": 0.033445}}",beehiiv,REVIEW,REVIEW:ROIConsistency,ROIConsistency,google,0.053885467,0.053646743,0.00023872400000000266,0.004430211210751933,328172.2732613,17683.71620113676,17605.37360337473,-78.3425977620318,78.3425977620318,100.0,1768371.6201136762,1760537.360337473,-7834.259776203195,7834.259776203195
"multi|beehiiv,liveintent,moloco|0.051898|0.033445|LogNormal","beehiiv,liveintent,moloco","{""beehiiv"": {""dist"": ""LogNormal"", ""mu"": 0.051898, ""sigma"": 0.033445}, ""liveintent"": {""dist"": ""LogNormal"", ""mu"": 0.051898, ""sigma"": 0.033445}, ""moloco"": {""dist"": ""LogNormal"", ""mu"": 0.051898, ""sigma"": 0.033445}}",amazon,REVIEW,REVIEW:ROIConsistency,ROIConsistency,google,0.28516877,0.16728358,0.11788519000000003,0.41338744772087077,15740.258094,4488.630040148525,2633.0867240882963,-1855.5433160602288,1855.5433160602288,100.0,448863.0040148525,263308.6724088296,-185554.3316060229,185554.3316060229
"multi|beehiiv,liveintent,moloco|0.103795|0.006689|Normal","beehiiv,liveintent,moloco","{""beehiiv"": {""dist"": ""Normal"", ""mu"": 0.103795, ""sigma"": 0.006689}, ""liveintent"": {""dist"": ""Normal"", ""mu"": 0.103795, ""sigma"": 0.006689}, ""moloco"": {""dist"": ""Normal"", ""mu"": 0.103795, ""sigma"": 0.006689}}",meta,REVIEW,REVIEW:PriorPosteriorShift,PriorPosteriorShift,liveintent,-0.039971717,-0.04694692,0.006975203000000006,0.1745034620354189,840158.1265220001,-33582.56286858758,-39442.836353178216,-5860.273484590638,5860.273484590638,100.0,-3358256.286858758,-3944283.6353178215,-586027.3484590636,586027.3484590636
"multi|beehiiv,liveintent,moloco|0.103795|0.006689|Normal","beehiiv,liveintent,moloco","{""beehiiv"": {""dist"": ""Normal"", ""mu"": 0.103795, ""sigma"": 0.006689}, ""liveintent"": {""dist"": ""Normal"", ""mu"": 0.103795, ""sigma"": 0.006689}, ""moloco"": {""dist"": ""Normal"", ""mu"": 0.103795, ""sigma"": 0.006689}}",google,REVIEW,REVIEW:PriorPosteriorShift,PriorPosteriorShift,liveintent,-0.014083741,-0.015347071,0.00126333,0.08970130876448246,10298543.94665,-145042.02562173642,-158052.48514585776,-13010.45952412134,13010.45952412134,100.0,-14504202.562173642,-15805248.514585776,-1301045.952412134,1301045.952412134
"multi|beehiiv,liveintent,moloco|0.103795|0.006689|Normal","beehiiv,liveintent,moloco","{""beehiiv"": {""dist"": ""Normal"", ""mu"": 0.103795, ""sigma"": 0.006689}, ""liveintent"": {""dist"": ""Normal"", ""mu"": 0.103795, ""sigma"": 0.006689}, ""moloco"": {""dist"": ""Normal"", ""mu"": 0.103795, ""sigma"": 0.006689}}",snapchat,REVIEW,REVIEW:PriorPosteriorShift,PriorPosteriorShift,liveintent,0.040842675,0.036078043,0.004764632000000005,0.11665817677221202,4342436.908989999,177356.73938188315,156666.6255273283,-20690.11385455486,20690.11385455486,100.0,17735673.938188314,15666662.552732829,-2069011.3854554854,2069011.3854554854
"multi|beehiiv,liveintent,moloco|0.103795|0.006689|Normal","beehiiv,liveintent,moloco","{""beehiiv"": {""dist"": ""Normal"", ""mu"": 0.103795, ""sigma"": 0.006689}, ""liveintent"": {""dist"": ""Normal"", ""mu"": 0.103795, ""sigma"": 0.006689}, ""moloco"": {""dist"": ""Normal"", ""mu"": 0.103795, ""sigma"": 0.006689}}",tiktok,REVIEW,REVIEW:PriorPosteriorShift,PriorPosteriorShift,liveintent,-0.0076278066,-0.014446744,0.006818937399999999,0.893957825307212,1752685.0091300001,-13369.142280362876,-25320.591639538772,-11951.449359175896,11951.449359175896,100.0,-1336914.2280362875,-2532059.163953877,-1195144.9359175896,1195144.9359175896
"multi|beehiiv,liveintent,moloco|0.103795|0.006689|Normal","beehiiv,liveintent,moloco","{""beehiiv"": {""dist"": ""Normal"", ""mu"": 0.103795, ""sigma"": 0.006689}, ""liveintent"": {""dist"": ""Normal"", ""mu"": 0.103795, ""sigma"": 0.006689}, ""moloco"": {""dist"": ""Normal"", ""mu"": 0.103795, ""sigma"": 0.006689}}",moloco,REVIEW,REVIEW:PriorPosteriorShift,PriorPosteriorShift,liveintent,0.053634446,0.10335135,0.04971690399999999,0.9269584699355333,842234.6095886,45172.78668731085,87046.08391770475,41873.297230393895,41873.297230393895,100.0,4517278.668731085,8704608.391770475,4187329.7230393896,4187329.7230393896
"multi|beehiiv,liveintent,moloco|0.103795|0.006689|Normal","beehiiv,liveintent,moloco","{""beehiiv"": {""dist"": ""Normal"", ""mu"": 0.103795, ""sigma"": 0.006689}, ""liveintent"": {""dist"": ""Normal"", ""mu"": 0.103795, ""sigma"": 0.006689}, ""moloco"": {""dist"": ""Normal"", ""mu"": 0.103795, ""sigma"": 0.006689}}",liveintent,REVIEW,REVIEW:PriorPosteriorShift,PriorPosteriorShift,liveintent,0.05361623,0.103936486,0.050320255999999994,0.9385265618265215,797987.173079,42785.06380885347,82939.98264290506,40154.91883405159,40154.91883405159,100.0,4278506.380885347,8293998.264290506,4015491.883405159,4015491.883405159
"multi|beehiiv,liveintent,moloco|0.103795|0.006689|Normal","beehiiv,liveintent,moloco","{""beehiiv"": {""dist"": ""Normal"", ""mu"": 0.103795, ""sigma"": 0.006689}, ""liveintent"": {""dist"": ""Normal"", ""mu"": 0.103795, ""sigma"": 0.006689}, ""moloco"": {""dist"": ""Normal"", ""mu"": 0.103795, ""sigma"": 0.006689}}",beehiiv,REVIEW,REVIEW:PriorPosteriorShift,PriorPosteriorShift,liveintent,0.053885467,0.10417213,0.050286663,0.933213829250102,328172.2732613,17683.71620113676,34186.40471257167,16502.688511434906,16502.688511434906,100.0,1768371.6201136762,3418640.471257167,1650268.8511434908,1650268.8511434908
"multi|beehiiv,liveintent,moloco|0.103795|0.006689|Normal","beehiiv,liveintent,moloco","{""beehiiv"": {""dist"": ""Normal"", ""mu"": 0.103795, ""sigma"": 0.006689}, ""liveintent"": {""dist"": ""Normal"", ""mu"": 0.103795, ""sigma"": 0.006689}, ""moloco"": {""dist"": ""Normal"", ""mu"": 0.103795, ""sigma"": 0.006689}}",amazon,REVIEW,REVIEW:PriorPosteriorShift,PriorPosteriorShift,liveintent,0.28516877,0.31684533,0.031676559999999965,0.11108004568662966,15740.258094,4488.630040148525,4987.227270078601,498.5972299300756,498.5972299300756,100.0,448863.0040148525,498722.7270078601,49859.72299300757,49859.72299300757
"multi|beehiiv,liveintent,moloco|0.103795|0.006689|LogNormal","beehiiv,liveintent,moloco","{""beehiiv"": {""dist"": ""LogNormal"", ""mu"": 0.103795, ""sigma"": 0.006689}, ""liveintent"": {""dist"": ""LogNormal"", ""mu"": 0.103795, ""sigma"": 0.006689}, ""moloco"": {""dist"": ""LogNormal"", ""mu"": 0.103795, ""sigma"": 0.006689}}",meta,REVIEW,REVIEW:PriorPosteriorShift,PriorPosteriorShift,"moloco,liveintent,beehiiv",-0.039971717,0.030858835,0.07083055199999999,1.7720167487426173,840158.1265220001,-33582.56286858758,25926.301000251526,59508.86386883911,59508.86386883911,100.0,-3358256.286858758,2592630.100025153,5950886.386883911,5950886.386883911
"multi|beehiiv,liveintent,moloco|0.103795|0.006689|LogNormal","beehiiv,liveintent,moloco","{""beehiiv"": {""dist"": ""LogNormal"", ""mu"": 0.103795, ""sigma"": 0.006689}, ""liveintent"": {""dist"": ""LogNormal"", ""mu"": 0.103795, ""sigma"": 0.006689}, ""moloco"": {""dist"": ""LogNormal"", ""mu"": 0.103795, ""sigma"": 0.006689}}",google,REVIEW,REVIEW:PriorPosteriorShift,PriorPosteriorShift,"moloco,liveintent,beehiiv",-0.014083741,0.020917289,0.03500103,2.4852082979941192,10298543.94665,-145042.02562173642,215417.62001127863,360459.6456330151,360459.6456330151,100.0,-14504202.562173642,21541762.00112786,36045964.5633015,36045964.5633015
"multi|beehiiv,liveintent,moloco|0.103795|0.006689|LogNormal","beehiiv,liveintent,moloco","{""beehiiv"": {""dist"": ""LogNormal"", ""mu"": 0.103795, ""sigma"": 0.006689}, ""liveintent"": {""dist"": ""LogNormal"", ""mu"": 0.103795, ""sigma"": 0.006689}, ""moloco"": {""dist"": ""LogNormal"", ""mu"": 0.103795, ""sigma"": 0.006689}}",snapchat,REVIEW,REVIEW:PriorPosteriorShift,PriorPosteriorShift,"moloco,liveintent,beehiiv",0.040842675,0.033681173,0.007161502,0.1753436081255696,4342436.908989999,177356.73938188315,146258.36877327744,-31098.370608605706,31098.370608605706,100.0,17735673.938188314,14625836.877327744,-3109837.0608605705,3109837.0608605705
"multi|beehiiv,liveintent,moloco|0.103795|0.006689|LogNormal","beehiiv,liveintent,moloco","{""beehiiv"": {""dist"": ""LogNormal"", ""mu"": 0.103795, ""sigma"": 0.006689}, ""liveintent"": {""dist"": ""LogNormal"", ""mu"": 0.103795, ""sigma"": 0.006689}, ""moloco"": {""dist"": ""LogNormal"", ""mu"": 0.103795, ""sigma"": 0.006689}}",tiktok,REVIEW,REVIEW:PriorPosteriorShift,PriorPosteriorShift,"moloco,liveintent,beehiiv",-0.0076278066,0.0441486,0.051776406600000005,6.787849943652216,1752685.0091300001,-13369.142280362876,77378.58939407673,90747.73167443961,90747.73167443961,100.0,-1336914.2280362875,7737858.939407673,9074773.16744396,9074773.16744396
"multi|beehiiv,liveintent,moloco|0.103795|0.006689|LogNormal","beehiiv,liveintent,moloco","{""beehiiv"": {""dist"": ""LogNormal"", ""mu"": 0.103795, ""sigma"": 0.006689}, ""liveintent"": {""dist"": ""LogNormal"", ""mu"": 0.103795, ""sigma"": 0.006689}, ""moloco"": {""dist"": ""LogNormal"", ""mu"": 0.103795, ""sigma"": 0.006689}}",moloco,REVIEW,REVIEW:PriorPosteriorShift,PriorPosteriorShift,"moloco,liveintent,beehiiv",0.053634446,0.10361285,0.049978404000000004,0.9318340679793728,842234.6095886,45172.78668731085,87266.32826811218,42093.54158080133,42093.54158080133,100.0,4517278.668731085,8726632.826811219,4209354.158080134,4209354.158080134
"multi|beehiiv,liveintent,moloco|0.103795|0.006689|LogNormal","beehiiv,liveintent,moloco","{""beehiiv"": {""dist"": ""LogNormal"", ""mu"": 0.103795, ""sigma"": 0.006689}, ""liveintent"": {""dist"": ""LogNormal"", ""mu"": 0.103795, ""sigma"": 0.006689}, ""moloco"": {""dist"": ""LogNormal"", ""mu"": 0.103795, ""sigma"": 0.006689}}",liveintent,REVIEW,REVIEW:PriorPosteriorShift,PriorPosteriorShift,"moloco,liveintent,beehiiv",0.05361623,0.10356431,0.049948080000000006,0.9315850816068196,797987.173079,42785.06380885347,82642.99096877722,39857.92715992375,39857.92715992375,100.0,4278506.380885347,8264299.096877722,3985792.7159923753,3985792.7159923753
"multi|beehiiv,liveintent,moloco|0.103795|0.006689|LogNormal","beehiiv,liveintent,moloco","{""beehiiv"": {""dist"": ""LogNormal"", ""mu"": 0.103795, ""sigma"": 0.006689}, ""liveintent"": {""dist"": ""LogNormal"", ""mu"": 0.103795, ""sigma"": 0.006689}, ""moloco"": {""dist"": ""LogNormal"", ""mu"": 0.103795, ""sigma"": 0.006689}}",beehiiv,REVIEW,REVIEW:PriorPosteriorShift,PriorPosteriorShift,"moloco,liveintent,beehiiv",0.053885467,0.10379158,0.049906112999999995,0.9261516282302982,328172.2732613,17683.71620113676,34061.518753982076,16377.802552845314,16377.802552845314,100.0,1768371.6201136762,3406151.8753982075,1637780.2552845313,1637780.2552845313
"multi|beehiiv,liveintent,moloco|0.103795|0.006689|LogNormal","beehiiv,liveintent,moloco","{""beehiiv"": {""dist"": ""LogNormal"", ""mu"": 0.103795, ""sigma"": 0.006689}, ""liveintent"": {""dist"": ""LogNormal"", ""mu"": 0.103795, ""sigma"": 0.006689}, ""moloco"": {""dist"": ""LogNormal"", ""mu"": 0.103795, ""sigma"": 0.006689}}",amazon,REVIEW,REVIEW:PriorPosteriorShift,PriorPosteriorShift,"moloco,liveintent,beehiiv",0.28516877,0.16386473,0.12130404000000003,0.4253763131215246,15740.258094,4488.630040148525,2579.2731427036247,-1909.3568974449004,1909.3568974449004,100.0,448863.0040148525,257927.31427036246,-190935.68974449005,190935.68974449005
"multi|beehiiv,liveintent,moloco|0.103795|0.016722|Normal","beehiiv,liveintent,moloco","{""beehiiv"": {""dist"": ""Normal"", ""mu"": 0.103795, ""sigma"": 0.016722}, ""liveintent"": {""dist"": ""Normal"", ""mu"": 0.103795, ""sigma"": 0.016722}, ""moloco"": {""dist"": ""Normal"", ""mu"": 0.103795, ""sigma"": 0.016722}}",meta,PASS,PASS,,,-0.039971717,-0.049666595,0.009694878000000004,0.24254344640736858,840158.1265220001,-33582.56286858758,-41727.79340592694,-8145.230537339361,8145.230537339361,100.0,-3358256.286858758,-4172779.340592694,-814523.053733936,814523.053733936
"multi|beehiiv,liveintent,moloco|0.103795|0.016722|Normal","beehiiv,liveintent,moloco","{""beehiiv"": {""dist"": ""Normal"", ""mu"": 0.103795, ""sigma"": 0.016722}, ""liveintent"": {""dist"": ""Normal"", ""mu"": 0.103795, ""sigma"": 0.016722}, ""moloco"": {""dist"": ""Normal"", ""mu"": 0.103795, ""sigma"": 0.016722}}",google,PASS,PASS,,,-0.014083741,-0.018541953,0.004458212,0.31655026885257254,10298543.94665,-145042.02562173642,-190955.1178272188,-45913.09220548239,45913.09220548239,100.0,-14504202.562173642,-19095511.78272188,-4591309.220548239,4591309.220548239
"multi|beehiiv,liveintent,moloco|0.103795|0.016722|Normal","beehiiv,liveintent,moloco","{""beehiiv"": {""dist"": ""Normal"", ""mu"": 0.103795, ""sigma"": 0.016722}, ""liveintent"": {""dist"": ""Normal"", ""mu"": 0.103795, ""sigma"": 0.016722}, ""moloco"": {""dist"": ""Normal"", ""mu"": 0.103795, ""sigma"": 0.016722}}",snapchat,PASS,PASS,,,0.040842675,0.03727786,0.003564814999999999,0.08728162393868666,4342436.908989999,177356.73938188315,161876.75515216196,-15479.984229721187,15479.984229721187,100.0,17735673.938188314,16187675.515216196,-1547998.4229721185,1547998.4229721185
"multi|beehiiv,liveintent,moloco|0.103795|0.016722|Normal","beehiiv,liveintent,moloco","{""beehiiv"": {""dist"": ""Normal"", ""mu"": 0.103795, ""sigma"": 0.016722}, ""liveintent"": {""dist"": ""Normal"", ""mu"": 0.103795, ""sigma"": 0.016722}, ""moloco"": {""dist"": ""Normal"", ""mu"": 0.103795, ""sigma"": 0.016722}}",tiktok,PASS,PASS,,,-0.0076278066,-0.010091121,0.0024633143999999996,0.32293875935449123,1752685.0091300001,-13369.142280362876,-17686.556502016934,-4317.414221654059,4317.414221654059,100.0,-1336914.2280362875,-1768655.6502016934,-431741.42216540594,431741.42216540594
"multi|beehiiv,liveintent,moloco|0.103795|0.016722|Normal","beehiiv,liveintent,moloco","{""beehiiv"": {""dist"": ""Normal"", ""mu"": 0.103795, ""sigma"": 0.016722}, ""liveintent"": {""dist"": ""Normal"", ""mu"": 0.103795, ""sigma"": 0.016722}, ""moloco"": {""dist"": ""Normal"", ""mu"": 0.103795, ""sigma"": 0.016722}}",moloco,PASS,PASS,,,0.053634446,0.102623396,0.04898895,0.9133859609550177,842234.6095886,45172.78668731085,86432.9758647163,41260.189177405446,41260.189177405446,100.0,4517278.668731085,8643297.58647163,4126018.9177405452,4126018.9177405452
"multi|beehiiv,liveintent,moloco|0.103795|0.016722|Normal","beehiiv,liveintent,moloco","{""beehiiv"": {""dist"": ""Normal"", ""mu"": 0.103795, ""sigma"": 0.016722}, ""liveintent"": {""dist"": ""Normal"", ""mu"": 0.103795, ""sigma"": 0.016722}, ""moloco"": {""dist"": ""Normal"", ""mu"": 0.103795, ""sigma"": 0.016722}}",liveintent,PASS,PASS,,,0.05361623,0.10504586,0.051429630000000004,0.9592175727387025,797987.173079,42785.06380885347,83825.2488650524,41040.185056198934,41040.185056198934,100.0,4278506.380885347,8382524.886505241,4104018.505619894,4104018.505619894
"multi|beehiiv,liveintent,moloco|0.103795|0.016722|Normal","beehiiv,liveintent,moloco","{""beehiiv"": {""dist"": ""Normal"", ""mu"": 0.103795, ""sigma"": 0.016722}, ""liveintent"": {""dist"": ""Normal"", ""mu"": 0.103795, ""sigma"": 0.016722}, ""moloco"": {""dist"": ""Normal"", ""mu"": 0.103795, ""sigma"": 0.016722}}",beehiiv,PASS,PASS,,,0.053885467,0.10542918,0.051543713,0.956542011596559,328172.2732613,17683.71620113676,34598.933668674785,16915.217467538023,16915.217467538023,100.0,1768371.6201136762,3459893.3668674785,1691521.7467538023,1691521.7467538023
"multi|beehiiv,liveintent,moloco|0.103795|0.016722|Normal","beehiiv,liveintent,moloco","{""beehiiv"": {""dist"": ""Normal"", ""mu"": 0.103795, ""sigma"": 0.016722}, ""liveintent"": {""dist"": ""Normal"", ""mu"": 0.103795, ""sigma"": 0.016722}, ""moloco"": {""dist"": ""Normal"", ""mu"": 0.103795, ""sigma"": 0.016722}}",amazon,PASS,PASS,,,0.28516877,0.30871376,0.023544989999999988,0.08256510697156627,15740.258094,4488.630040148525,4859.234259569173,370.6042194206484,370.6042194206484,100.0,448863.0040148525,485923.42595691734,37060.42194206483,37060.42194206483
"multi|beehiiv,liveintent,moloco|0.103795|0.016722|LogNormal","beehiiv,liveintent,moloco","{""beehiiv"": {""dist"": ""LogNormal"", ""mu"": 0.103795, ""sigma"": 0.016722}, ""liveintent"": {""dist"": ""LogNormal"", ""mu"": 0.103795, ""sigma"": 0.016722}, ""moloco"": {""dist"": ""LogNormal"", ""mu"": 0.103795, ""sigma"": 0.016722}}",meta,REVIEW,REVIEW:PriorPosteriorShift,PriorPosteriorShift,beehiiv,-0.039971717,0.030767055,0.070738772,1.7697206252110713,840158.1265220001,-33582.56286858758,25849.191287399335,59431.75415598691,59431.75415598691,100.0,-3358256.286858758,2584919.1287399335,5943175.415598691,5943175.415598691
"multi|beehiiv,liveintent,moloco|0.103795|0.016722|LogNormal","beehiiv,liveintent,moloco","{""beehiiv"": {""dist"": ""LogNormal"", ""mu"": 0.103795, ""sigma"": 0.016722}, ""liveintent"": {""dist"": ""LogNormal"", ""mu"": 0.103795, ""sigma"": 0.016722}, ""moloco"": {""dist"": ""LogNormal"", ""mu"": 0.103795, ""sigma"": 0.016722}}",google,REVIEW,REVIEW:PriorPosteriorShift,PriorPosteriorShift,beehiiv,-0.014083741,0.02102403,0.035107770999999996,2.4927873212096134,10298543.94665,-145042.02562173642,216516.896890688,361558.9225124244,361558.9225124244,100.0,-14504202.562173642,21651689.689068798,36155892.251242444,36155892.251242444
"multi|beehiiv,liveintent,moloco|0.103795|0.016722|LogNormal","beehiiv,liveintent,moloco","{""beehiiv"": {""dist"": ""LogNormal"", ""mu"": 0.103795, ""sigma"": 0.016722}, ""liveintent"": {""dist"": ""LogNormal"", ""mu"": 0.103795, ""sigma"": 0.016722}, ""moloco"": {""dist"": ""LogNormal"", ""mu"": 0.103795, ""sigma"": 0.016722}}",snapchat,REVIEW,REVIEW:PriorPosteriorShift,PriorPosteriorShift,beehiiv,0.040842675,0.03359554,0.007247135000000002,0.17744026315612293,4342436.908989999,177356.73938188315,145886.5128734499,-31470.22650843326,31470.22650843326,100.0,17735673.938188314,14588651.287344988,-3147022.650843326,3147022.650843326
"multi|beehiiv,liveintent,moloco|0.103795|0.016722|LogNormal","beehiiv,liveintent,moloco","{""beehiiv"": {""dist"": ""LogNormal"", ""mu"": 0.103795, ""sigma"": 0.016722}, ""liveintent"": {""dist"": ""LogNormal"", ""mu"": 0.103795, ""sigma"": 0.016722}, ""moloco"": {""dist"": ""LogNormal"", ""mu"": 0.103795, ""sigma"": 0.016722}}",tiktok,REVIEW,REVIEW:PriorPosteriorShift,PriorPosteriorShift,beehiiv,-0.0076278066,0.044702195,0.0523300016,6.86042585295752,1752685.0091300001,-13369.142280362876,78348.86705170605,91718.00933206893,91718.00933206893,100.0,-1336914.2280362875,7834886.705170605,9171800.933206894,9171800.933206894
"multi|beehiiv,liveintent,moloco|0.103795|0.016722|LogNormal","beehiiv,liveintent,moloco","{""beehiiv"": {""dist"": ""LogNormal"", ""mu"": 0.103795, ""sigma"": 0.016722}, ""liveintent"": {""dist"": ""LogNormal"", ""mu"": 0.103795, ""sigma"": 0.016722}, ""moloco"": {""dist"": ""LogNormal"", ""mu"": 0.103795, ""sigma"": 0.016722}}",moloco,REVIEW,REVIEW:PriorPosteriorShift,PriorPosteriorShift,beehiiv,0.053634446,0.101135366,0.04750092,0.8856420368358051,842234.6095886,45172.78668731085,85179.70549861017,40006.91881129932,40006.91881129932,100.0,4517278.668731085,8517970.549861018,4000691.8811299326,4000691.8811299326
"multi|beehiiv,liveintent,moloco|0.103795|0.016722|LogNormal","beehiiv,liveintent,moloco","{""beehiiv"": {""dist"": ""LogNormal"", ""mu"": 0.103795, ""sigma"": 0.016722}, ""liveintent"": {""dist"": ""LogNormal"", ""mu"": 0.103795, ""sigma"": 0.016722}, ""moloco"": {""dist"": ""LogNormal"", ""mu"": 0.103795, ""sigma"": 0.016722}}",liveintent,REVIEW,REVIEW:PriorPosteriorShift,PriorPosteriorShift,beehiiv,0.05361623,0.10244225,0.04882602,0.9106574632345465,797987.173079,42785.06380885347,81747.60148135219,38962.53767249872,38962.53767249872,100.0,4278506.380885347,8174760.148135219,3896253.767249872,3896253.767249872
"multi|beehiiv,liveintent,moloco|0.103795|0.016722|LogNormal","beehiiv,liveintent,moloco","{""beehiiv"": {""dist"": ""LogNormal"", ""mu"": 0.103795, ""sigma"": 0.016722}, ""liveintent"": {""dist"": ""LogNormal"", ""mu"": 0.103795, ""sigma"": 0.016722}, ""moloco"": {""dist"": ""LogNormal"", ""mu"": 0.103795, ""sigma"": 0.016722}}",beehiiv,REVIEW,REVIEW:PriorPosteriorShift,PriorPosteriorShift,beehiiv,0.053885467,0.1033182,0.049432733,0.9173666992623446,328172.2732613,17683.71620113676,33906.168563265644,16222.452362128883,16222.452362128883,100.0,1768371.6201136762,3390616.856326564,1622245.236212888,1622245.236212888
"multi|beehiiv,liveintent,moloco|0.103795|0.016722|LogNormal","beehiiv,liveintent,moloco","{""beehiiv"": {""dist"": ""LogNormal"", ""mu"": 0.103795, ""sigma"": 0.016722}, ""liveintent"": {""dist"": ""LogNormal"", ""mu"": 0.103795, ""sigma"": 0.016722}, ""moloco"": {""dist"": ""LogNormal"", ""mu"": 0.103795, ""sigma"": 0.016722}}",amazon,REVIEW,REVIEW:PriorPosteriorShift,PriorPosteriorShift,beehiiv,0.28516877,0.16503876,0.12013001000000001,0.4212593475786286,15740.258094,4488.630040148525,2597.752677913724,-1890.8773622348012,1890.8773622348012,100.0,448863.0040148525,259775.26779137237,-189087.73622348014,189087.73622348014
"multi|beehiiv,liveintent,moloco|0.103795|0.033445|Normal","beehiiv,liveintent,moloco","{""beehiiv"": {""dist"": ""Normal"", ""mu"": 0.103795, ""sigma"": 0.033445}, ""liveintent"": {""dist"": ""Normal"", ""mu"": 0.103795, ""sigma"": 0.033445}, ""moloco"": {""dist"": ""Normal"", ""mu"": 0.103795, ""sigma"": 0.033445}}",meta,PASS,PASS,,,-0.039971717,-0.04761131,0.007639593,0.1911249646844042,840158.1265220001,-33582.56286858758,-40001.02901085816,-6418.466142270583,6418.466142270583,100.0,-3358256.286858758,-4000102.9010858163,-641846.6142270584,641846.6142270584
"multi|beehiiv,liveintent,moloco|0.103795|0.033445|Normal","beehiiv,liveintent,moloco","{""beehiiv"": {""dist"": ""Normal"", ""mu"": 0.103795, ""sigma"": 0.033445}, ""liveintent"": {""dist"": ""Normal"", ""mu"": 0.103795, ""sigma"": 0.033445}, ""moloco"": {""dist"": ""Normal"", ""mu"": 0.103795, ""sigma"": 0.033445}}",google,PASS,PASS,,,-0.014083741,-0.016468657,0.002384916000000001,0.16933824613786919,10298543.94665,-145042.02562173642,-169603.18785680516,-24561.16223506874,24561.16223506874,100.0,-14504202.562173642,-16960318.785680518,-2456116.2235068753,2456116.2235068753
"multi|beehiiv,liveintent,moloco|0.103795|0.033445|Normal","beehiiv,liveintent,moloco","{""beehiiv"": {""dist"": ""Normal"", ""mu"": 0.103795, ""sigma"": 0.033445}, ""liveintent"": {""dist"": ""Normal"", ""mu"": 0.103795, ""sigma"": 0.033445}, ""moloco"": {""dist"": ""Normal"", ""mu"": 0.103795, ""sigma"": 0.033445}}",snapchat,PASS,PASS,,,0.040842675,0.036167003,0.004675671999999999,0.11448006282644319,4342436.908989999,177356.73938188315,157052.92871475205,-20303.810667131096,20303.810667131096,100.0,17735673.938188314,15705292.871475205,-2030381.0667131096,2030381.0667131096
"multi|beehiiv,liveintent,moloco|0.103795|0.033445|Normal","beehiiv,liveintent,moloco","{""beehiiv"": {""dist"": ""Normal"", ""mu"": 0.103795, ""sigma"": 0.033445}, ""liveintent"": {""dist"": ""Normal"", ""mu"": 0.103795, ""sigma"": 0.033445}, ""moloco"": {""dist"": ""Normal"", ""mu"": 0.103795, ""sigma"": 0.033445}}",tiktok,PASS,PASS,,,-0.0076278066,-0.013031542,0.0054037354,0.7084258533770376,1752685.0091300001,-13369.142280362876,-22840.18830924798,-9471.046028885105,9471.046028885105,100.0,-1336914.2280362875,-2284018.830924798,-947104.6028885103,947104.6028885103
"multi|beehiiv,liveintent,moloco|0.103795|0.033445|Normal","beehiiv,liveintent,moloco","{""beehiiv"": {""dist"": ""Normal"", ""mu"": 0.103795, ""sigma"": 0.033445}, ""liveintent"": {""dist"": ""Normal"", ""mu"": 0.103795, ""sigma"": 0.033445}, ""moloco"": {""dist"": ""Normal"", ""mu"": 0.103795, ""sigma"": 0.033445}}",moloco,PASS,PASS,,,0.053634446,0.09795279,0.044318343999999996,0.8263037526294201,842234.6095886,45172.78668731085,82499.22984376411,37326.443156453264,37326.443156453264,100.0,4517278.668731085,8249922.984376412,3732644.315645327,3732644.315645327
"multi|beehiiv,liveintent,moloco|0.103795|0.033445|Normal","beehiiv,liveintent,moloco","{""beehiiv"": {""dist"": ""Normal"", ""mu"": 0.103795, ""sigma"": 0.033445}, ""liveintent"": {""dist"": ""Normal"", ""mu"": 0.103795, ""sigma"": 0.033445}, ""moloco"": {""dist"": ""Normal"", ""mu"": 0.103795, ""sigma"": 0.033445}}",liveintent,PASS,PASS,,,0.05361623,0.10759573,0.0539795,1.00677537380006,797987.173079,42785.06380885347,85860.01241807135,43074.94860921788,43074.94860921788,100.0,4278506.380885347,8586001.241807135,4307494.860921788,4307494.860921788
"multi|beehiiv,liveintent,moloco|0.103795|0.033445|Normal","beehiiv,liveintent,moloco","{""beehiiv"": {""dist"": ""Normal"", ""mu"": 0.103795, ""sigma"": 0.033445}, ""liveintent"": {""dist"": ""Normal"", ""mu"": 0.103795, ""sigma"": 0.033445}, ""moloco"": {""dist"": ""Normal"", ""mu"": 0.103795, ""sigma"": 0.033445}}",beehiiv,PASS,PASS,,,0.053885467,0.11104674,0.057161273000000005,1.0607920128074606,328172.2732613,17683.71620113676,36442.461104056536,18758.744902919774,18758.744902919774,100.0,1768371.6201136762,3644246.1104056537,1875874.4902919775,1875874.4902919775
"multi|beehiiv,liveintent,moloco|0.103795|0.033445|Normal","beehiiv,liveintent,moloco","{""beehiiv"": {""dist"": ""Normal"", ""mu"": 0.103795, ""sigma"": 0.033445}, ""liveintent"": {""dist"": ""Normal"", ""mu"": 0.103795, ""sigma"": 0.033445}, ""moloco"": {""dist"": ""Normal"", ""mu"": 0.103795, ""sigma"": 0.033445}}",amazon,PASS,PASS,,,0.28516877,0.30332145,0.018152679999999977,0.06365591856359298,15740.258094,4488.630040148525,4774.357908446316,285.72786829779125,285.72786829779125,100.0,448863.0040148525,477435.7908446316,28572.7868297791,28572.7868297791
"multi|beehiiv,liveintent,moloco|0.103795|0.033445|LogNormal","beehiiv,liveintent,moloco","{""beehiiv"": {""dist"": ""LogNormal"", ""mu"": 0.103795, ""sigma"": 0.033445}, ""liveintent"": {""dist"": ""LogNormal"", ""mu"": 0.103795, ""sigma"": 0.033445}, ""moloco"": {""dist"": ""LogNormal"", ""mu"": 0.103795, ""sigma"": 0.033445}}",meta,REVIEW,REVIEW:PriorPosteriorShift,PriorPosteriorShift,beehiiv,-0.039971717,0.03118291,0.071154627,1.7801243564293223,840158.1265220001,-33582.56286858758,26198.57524510414,59781.13811369172,59781.13811369172,100.0,-3358256.286858758,2619857.524510414,5978113.811369171,5978113.811369171
"multi|beehiiv,liveintent,moloco|0.103795|0.033445|LogNormal","beehiiv,liveintent,moloco","{""beehiiv"": {""dist"": ""LogNormal"", ""mu"": 0.103795, ""sigma"": 0.033445}, ""liveintent"": {""dist"": ""LogNormal"", ""mu"": 0.103795, ""sigma"": 0.033445}, ""moloco"": {""dist"": ""LogNormal"", ""mu"": 0.103795, ""sigma"": 0.033445}}",google,REVIEW,REVIEW:PriorPosteriorShift,PriorPosteriorShift,beehiiv,-0.014083741,0.020977734,0.035061475,2.489500126422376,10298543.94665,-145042.02562173642,216040.11550013392,361082.1411218704,361082.1411218704,100.0,-14504202.562173642,21604011.550013393,36108214.112187035,36108214.112187035
"multi|beehiiv,liveintent,moloco|0.103795|0.033445|LogNormal","beehiiv,liveintent,moloco","{""beehiiv"": {""dist"": ""LogNormal"", ""mu"": 0.103795, ""sigma"": 0.033445}, ""liveintent"": {""dist"": ""LogNormal"", ""mu"": 0.103795, ""sigma"": 0.033445}, ""moloco"": {""dist"": ""LogNormal"", ""mu"": 0.103795, ""sigma"": 0.033445}}",snapchat,REVIEW,REVIEW:PriorPosteriorShift,PriorPosteriorShift,beehiiv,0.040842675,0.033646356,0.007196319,0.17619607432666928,4342436.908989999,177356.73938188315,146107.17814741714,-31249.561234466004,31249.561234466004,100.0,17735673.938188314,14610717.814741714,-3124956.1234466005,3124956.1234466005
"multi|beehiiv,liveintent,moloco|0.103795|0.033445|LogNormal","beehiiv,liveintent,moloco","{""beehiiv"": {""dist"": ""LogNormal"", ""mu"": 0.103795, ""sigma"": 0.033445}, ""liveintent"": {""dist"": ""LogNormal"", ""mu"": 0.103795, ""sigma"": 0.033445}, ""moloco"": {""dist"": ""LogNormal"", ""mu"": 0.103795, ""sigma"": 0.033445}}",tiktok,REVIEW,REVIEW:PriorPosteriorShift,PriorPosteriorShift,beehiiv,-0.0076278066,0.044254083,0.0518818896,6.801678689651098,1752685.0091300001,-13369.142280362876,77563.46786689479,90932.61014725767,90932.61014725767,100.0,-1336914.2280362875,7756346.786689479,9093261.014725767,9093261.014725767
"multi|beehiiv,liveintent,moloco|0.103795|0.033445|LogNormal","beehiiv,liveintent,moloco","{""beehiiv"": {""dist"": ""LogNormal"", ""mu"": 0.103795, ""sigma"": 0.033445}, ""liveintent"": {""dist"": ""LogNormal"", ""mu"": 0.103795, ""sigma"": 0.033445}, ""moloco"": {""dist"": ""LogNormal"", ""mu"": 0.103795, ""sigma"": 0.033445}}",moloco,REVIEW,REVIEW:PriorPosteriorShift,PriorPosteriorShift,beehiiv,0.053634446,0.09411351,0.040479063999999995,0.7547213967680395,842234.6095886,45172.78668731085,79265.6553518628,34092.868664551956,34092.868664551956,100.0,4517278.668731085,7926565.5351862805,3409286.8664551955,3409286.8664551955
"multi|beehiiv,liveintent,moloco|0.103795|0.033445|LogNormal","beehiiv,liveintent,moloco","{""beehiiv"": {""dist"": ""LogNormal"", ""mu"": 0.103795, ""sigma"": 0.033445}, ""liveintent"": {""dist"": ""LogNormal"", ""mu"": 0.103795, ""sigma"": 0.033445}, ""moloco"": {""dist"": ""LogNormal"", ""mu"": 0.103795, ""sigma"": 0.033445}}",liveintent,REVIEW,REVIEW:PriorPosteriorShift,PriorPosteriorShift,beehiiv,0.05361623,0.09611533,0.0424991,0.7926536423765713,797987.173079,42785.06380885347,76698.8004762552,33913.73666740173,33913.73666740173,100.0,4278506.380885347,7669880.04762552,3391373.6667401735,3391373.6667401735
"multi|beehiiv,liveintent,moloco|0.103795|0.033445|LogNormal","beehiiv,liveintent,moloco","{""beehiiv"": {""dist"": ""LogNormal"", ""mu"": 0.103795, ""sigma"": 0.033445}, ""liveintent"": {""dist"": ""LogNormal"", ""mu"": 0.103795, ""sigma"": 0.033445}, ""moloco"": {""dist"": ""LogNormal"", ""mu"": 0.103795, ""sigma"": 0.033445}}",beehiiv,REVIEW,REVIEW:PriorPosteriorShift,PriorPosteriorShift,beehiiv,0.053885467,0.1043037,0.050418233,0.9356554894476465,328172.2732613,17683.71620113676,34229.58233856466,16545.866137427896,16545.866137427896,100.0,1768371.6201136762,3422958.2338564657,1654586.6137427895,1654586.6137427895
"multi|beehiiv,liveintent,moloco|0.103795|0.033445|LogNormal","beehiiv,liveintent,moloco","{""beehiiv"": {""dist"": ""LogNormal"", ""mu"": 0.103795, ""sigma"": 0.033445}, ""liveintent"": {""dist"": ""LogNormal"", ""mu"": 0.103795, ""sigma"": 0.033445}, ""moloco"": {""dist"": ""LogNormal"", ""mu"": 0.103795, ""sigma"": 0.033445}}",amazon,REVIEW,REVIEW:PriorPosteriorShift,PriorPosteriorShift,beehiiv,0.28516877,0.16297333,0.12219544000000002,0.4285021813573766,15740.258094,4488.630040148525,2565.242276638633,-1923.387763509892,1923.387763509892,100.0,448863.0040148525,256524.2276638633,-192338.7763509892,192338.7763509892
