run_id,prior_key,targets,target_channel,channel,roi_prior_mu,roi_prior_sigma,roi_prior_dist,adstock_alpha_m,saturation_ec_m,saturation_slope_m,max_lag,adstock_decay_spec,is_baseline,estimated_roi,qc_overall_status,qc_summary,qc_pass_fail,qc_needs_review,qc_text,qc_r2,qc_mape,qc_wmape,qc_bayesian_ppp,qc_baseline_neg_prob
multi|amazon|0.020759|0.033445|Normal|alpha=0p3|ec=0p5|slope=1p2|lag=4|decay=geometric,"{""roi_prior_overrides"": {""amazon"": {""dist"": ""Normal"", ""mu"": 0.020759, ""sigma"": 0.033445}}, ""structural_overrides"": {""adstock_decay_spec"": ""geometric"", ""alpha_m"": 0.3, ""ec_m"": 0.5, ""max_lag"": 4, ""slope_m"": 1.2}}",amazon,amazon,meta,0.020759,0.033445,Normal,0.3,0.5,1.2,4,geometric,False,0.0036959685,PASS,Passed with reviews: Review is needed.,PASS,True,"========================================
Model Quality Checks
========================================
Overall Status: PASS
Summary: Passed with reviews: Review is needed.

Check Results:
----------------------------------------
Convergence Check:
  Status: PASS
  Recommendation: The model has likely converged, as all parameters have R-hat values < 1.2.
----------------------------------------
Baseline Check:
  Status: PASS
  Recommendation: The posterior probability that the baseline is negative is 0.00. We recommend visually inspecting the baseline time series in the Model Fit charts to confirm this.
----------------------------------------
BayesianPPP Check:
  Status: PASS
  Recommendation: The Bayesian posterior predictive p-value is 0.95. The observed total outcome is consistent with the model's posterior predictive distribution.
----------------------------------------
GoodnessOfFit Check:
  Status: PASS
  Recommendation: R-squared = 0.9006, MAPE = 0.0488, and wMAPE = 0.0489. These goodness-of-fit metrics are intended for guidance and relative comparison.
----------------------------------------
PriorPosteriorShift Check:
  Status: REVIEW
  Recommendation: We've detected channel(s) `amazon` where the posterior distribution did not significantly shift from the prior. This suggests the data signal for these channels was not strong enough to update the model's beliefs. Please review these channels to see if this is expected (due to a strong priors) or problematic (due to a weak signal).
----------------------------------------
ROIConsistency Check:
  Status: PASS
  Recommendation: The posterior distribution of the ROI is within a reasonable range, aligning with the custom priors you provided.",0.9006,0.0488,0.0489,0.95,0.0
multi|amazon|0.020759|0.033445|Normal|alpha=0p3|ec=0p5|slope=1p2|lag=4|decay=geometric,"{""roi_prior_overrides"": {""amazon"": {""dist"": ""Normal"", ""mu"": 0.020759, ""sigma"": 0.033445}}, ""structural_overrides"": {""adstock_decay_spec"": ""geometric"", ""alpha_m"": 0.3, ""ec_m"": 0.5, ""max_lag"": 4, ""slope_m"": 1.2}}",amazon,amazon,google,0.020759,0.033445,Normal,0.3,0.5,1.2,4,geometric,False,-0.020889914,PASS,Passed with reviews: Review is needed.,PASS,True,"========================================
Model Quality Checks
========================================
Overall Status: PASS
Summary: Passed with reviews: Review is needed.

Check Results:
----------------------------------------
Convergence Check:
  Status: PASS
  Recommendation: The model has likely converged, as all parameters have R-hat values < 1.2.
----------------------------------------
Baseline Check:
  Status: PASS
  Recommendation: The posterior probability that the baseline is negative is 0.00. We recommend visually inspecting the baseline time series in the Model Fit charts to confirm this.
----------------------------------------
BayesianPPP Check:
  Status: PASS
  Recommendation: The Bayesian posterior predictive p-value is 0.95. The observed total outcome is consistent with the model's posterior predictive distribution.
----------------------------------------
GoodnessOfFit Check:
  Status: PASS
  Recommendation: R-squared = 0.9006, MAPE = 0.0488, and wMAPE = 0.0489. These goodness-of-fit metrics are intended for guidance and relative comparison.
----------------------------------------
PriorPosteriorShift Check:
  Status: REVIEW
  Recommendation: We've detected channel(s) `amazon` where the posterior distribution did not significantly shift from the prior. This suggests the data signal for these channels was not strong enough to update the model's beliefs. Please review these channels to see if this is expected (due to a strong priors) or problematic (due to a weak signal).
----------------------------------------
ROIConsistency Check:
  Status: PASS
  Recommendation: The posterior distribution of the ROI is within a reasonable range, aligning with the custom priors you provided.",0.9006,0.0488,0.0489,0.95,0.0
multi|amazon|0.020759|0.033445|Normal|alpha=0p3|ec=0p5|slope=1p2|lag=4|decay=geometric,"{""roi_prior_overrides"": {""amazon"": {""dist"": ""Normal"", ""mu"": 0.020759, ""sigma"": 0.033445}}, ""structural_overrides"": {""adstock_decay_spec"": ""geometric"", ""alpha_m"": 0.3, ""ec_m"": 0.5, ""max_lag"": 4, ""slope_m"": 1.2}}",amazon,amazon,snapchat,0.020759,0.033445,Normal,0.3,0.5,1.2,4,geometric,False,0.019307746,PASS,Passed with reviews: Review is needed.,PASS,True,"========================================
Model Quality Checks
========================================
Overall Status: PASS
Summary: Passed with reviews: Review is needed.

Check Results:
----------------------------------------
Convergence Check:
  Status: PASS
  Recommendation: The model has likely converged, as all parameters have R-hat values < 1.2.
----------------------------------------
Baseline Check:
  Status: PASS
  Recommendation: The posterior probability that the baseline is negative is 0.00. We recommend visually inspecting the baseline time series in the Model Fit charts to confirm this.
----------------------------------------
BayesianPPP Check:
  Status: PASS
  Recommendation: The Bayesian posterior predictive p-value is 0.95. The observed total outcome is consistent with the model's posterior predictive distribution.
----------------------------------------
GoodnessOfFit Check:
  Status: PASS
  Recommendation: R-squared = 0.9006, MAPE = 0.0488, and wMAPE = 0.0489. These goodness-of-fit metrics are intended for guidance and relative comparison.
----------------------------------------
PriorPosteriorShift Check:
  Status: REVIEW
  Recommendation: We've detected channel(s) `amazon` where the posterior distribution did not significantly shift from the prior. This suggests the data signal for these channels was not strong enough to update the model's beliefs. Please review these channels to see if this is expected (due to a strong priors) or problematic (due to a weak signal).
----------------------------------------
ROIConsistency Check:
  Status: PASS
  Recommendation: The posterior distribution of the ROI is within a reasonable range, aligning with the custom priors you provided.",0.9006,0.0488,0.0489,0.95,0.0
multi|amazon|0.020759|0.033445|Normal|alpha=0p3|ec=0p5|slope=1p2|lag=4|decay=geometric,"{""roi_prior_overrides"": {""amazon"": {""dist"": ""Normal"", ""mu"": 0.020759, ""sigma"": 0.033445}}, ""structural_overrides"": {""adstock_decay_spec"": ""geometric"", ""alpha_m"": 0.3, ""ec_m"": 0.5, ""max_lag"": 4, ""slope_m"": 1.2}}",amazon,amazon,tiktok,0.020759,0.033445,Normal,0.3,0.5,1.2,4,geometric,False,-0.017187713,PASS,Passed with reviews: Review is needed.,PASS,True,"========================================
Model Quality Checks
========================================
Overall Status: PASS
Summary: Passed with reviews: Review is needed.

Check Results:
----------------------------------------
Convergence Check:
  Status: PASS
  Recommendation: The model has likely converged, as all parameters have R-hat values < 1.2.
----------------------------------------
Baseline Check:
  Status: PASS
  Recommendation: The posterior probability that the baseline is negative is 0.00. We recommend visually inspecting the baseline time series in the Model Fit charts to confirm this.
----------------------------------------
BayesianPPP Check:
  Status: PASS
  Recommendation: The Bayesian posterior predictive p-value is 0.95. The observed total outcome is consistent with the model's posterior predictive distribution.
----------------------------------------
GoodnessOfFit Check:
  Status: PASS
  Recommendation: R-squared = 0.9006, MAPE = 0.0488, and wMAPE = 0.0489. These goodness-of-fit metrics are intended for guidance and relative comparison.
----------------------------------------
PriorPosteriorShift Check:
  Status: REVIEW
  Recommendation: We've detected channel(s) `amazon` where the posterior distribution did not significantly shift from the prior. This suggests the data signal for these channels was not strong enough to update the model's beliefs. Please review these channels to see if this is expected (due to a strong priors) or problematic (due to a weak signal).
----------------------------------------
ROIConsistency Check:
  Status: PASS
  Recommendation: The posterior distribution of the ROI is within a reasonable range, aligning with the custom priors you provided.",0.9006,0.0488,0.0489,0.95,0.0
multi|amazon|0.020759|0.033445|Normal|alpha=0p3|ec=0p5|slope=1p2|lag=4|decay=geometric,"{""roi_prior_overrides"": {""amazon"": {""dist"": ""Normal"", ""mu"": 0.020759, ""sigma"": 0.033445}}, ""structural_overrides"": {""adstock_decay_spec"": ""geometric"", ""alpha_m"": 0.3, ""ec_m"": 0.5, ""max_lag"": 4, ""slope_m"": 1.2}}",amazon,amazon,moloco,0.020759,0.033445,Normal,0.3,0.5,1.2,4,geometric,False,0.01673622,PASS,Passed with reviews: Review is needed.,PASS,True,"========================================
Model Quality Checks
========================================
Overall Status: PASS
Summary: Passed with reviews: Review is needed.

Check Results:
----------------------------------------
Convergence Check:
  Status: PASS
  Recommendation: The model has likely converged, as all parameters have R-hat values < 1.2.
----------------------------------------
Baseline Check:
  Status: PASS
  Recommendation: The posterior probability that the baseline is negative is 0.00. We recommend visually inspecting the baseline time series in the Model Fit charts to confirm this.
----------------------------------------
BayesianPPP Check:
  Status: PASS
  Recommendation: The Bayesian posterior predictive p-value is 0.95. The observed total outcome is consistent with the model's posterior predictive distribution.
----------------------------------------
GoodnessOfFit Check:
  Status: PASS
  Recommendation: R-squared = 0.9006, MAPE = 0.0488, and wMAPE = 0.0489. These goodness-of-fit metrics are intended for guidance and relative comparison.
----------------------------------------
PriorPosteriorShift Check:
  Status: REVIEW
  Recommendation: We've detected channel(s) `amazon` where the posterior distribution did not significantly shift from the prior. This suggests the data signal for these channels was not strong enough to update the model's beliefs. Please review these channels to see if this is expected (due to a strong priors) or problematic (due to a weak signal).
----------------------------------------
ROIConsistency Check:
  Status: PASS
  Recommendation: The posterior distribution of the ROI is within a reasonable range, aligning with the custom priors you provided.",0.9006,0.0488,0.0489,0.95,0.0
multi|amazon|0.020759|0.033445|Normal|alpha=0p3|ec=0p5|slope=1p2|lag=4|decay=geometric,"{""roi_prior_overrides"": {""amazon"": {""dist"": ""Normal"", ""mu"": 0.020759, ""sigma"": 0.033445}}, ""structural_overrides"": {""adstock_decay_spec"": ""geometric"", ""alpha_m"": 0.3, ""ec_m"": 0.5, ""max_lag"": 4, ""slope_m"": 1.2}}",amazon,amazon,liveintent,0.020759,0.033445,Normal,0.3,0.5,1.2,4,geometric,False,0.07176716,PASS,Passed with reviews: Review is needed.,PASS,True,"========================================
Model Quality Checks
========================================
Overall Status: PASS
Summary: Passed with reviews: Review is needed.

Check Results:
----------------------------------------
Convergence Check:
  Status: PASS
  Recommendation: The model has likely converged, as all parameters have R-hat values < 1.2.
----------------------------------------
Baseline Check:
  Status: PASS
  Recommendation: The posterior probability that the baseline is negative is 0.00. We recommend visually inspecting the baseline time series in the Model Fit charts to confirm this.
----------------------------------------
BayesianPPP Check:
  Status: PASS
  Recommendation: The Bayesian posterior predictive p-value is 0.95. The observed total outcome is consistent with the model's posterior predictive distribution.
----------------------------------------
GoodnessOfFit Check:
  Status: PASS
  Recommendation: R-squared = 0.9006, MAPE = 0.0488, and wMAPE = 0.0489. These goodness-of-fit metrics are intended for guidance and relative comparison.
----------------------------------------
PriorPosteriorShift Check:
  Status: REVIEW
  Recommendation: We've detected channel(s) `amazon` where the posterior distribution did not significantly shift from the prior. This suggests the data signal for these channels was not strong enough to update the model's beliefs. Please review these channels to see if this is expected (due to a strong priors) or problematic (due to a weak signal).
----------------------------------------
ROIConsistency Check:
  Status: PASS
  Recommendation: The posterior distribution of the ROI is within a reasonable range, aligning with the custom priors you provided.",0.9006,0.0488,0.0489,0.95,0.0
multi|amazon|0.020759|0.033445|Normal|alpha=0p3|ec=0p5|slope=1p2|lag=4|decay=geometric,"{""roi_prior_overrides"": {""amazon"": {""dist"": ""Normal"", ""mu"": 0.020759, ""sigma"": 0.033445}}, ""structural_overrides"": {""adstock_decay_spec"": ""geometric"", ""alpha_m"": 0.3, ""ec_m"": 0.5, ""max_lag"": 4, ""slope_m"": 1.2}}",amazon,amazon,beehiiv,0.020759,0.033445,Normal,0.3,0.5,1.2,4,geometric,False,0.25048018,PASS,Passed with reviews: Review is needed.,PASS,True,"========================================
Model Quality Checks
========================================
Overall Status: PASS
Summary: Passed with reviews: Review is needed.

Check Results:
----------------------------------------
Convergence Check:
  Status: PASS
  Recommendation: The model has likely converged, as all parameters have R-hat values < 1.2.
----------------------------------------
Baseline Check:
  Status: PASS
  Recommendation: The posterior probability that the baseline is negative is 0.00. We recommend visually inspecting the baseline time series in the Model Fit charts to confirm this.
----------------------------------------
BayesianPPP Check:
  Status: PASS
  Recommendation: The Bayesian posterior predictive p-value is 0.95. The observed total outcome is consistent with the model's posterior predictive distribution.
----------------------------------------
GoodnessOfFit Check:
  Status: PASS
  Recommendation: R-squared = 0.9006, MAPE = 0.0488, and wMAPE = 0.0489. These goodness-of-fit metrics are intended for guidance and relative comparison.
----------------------------------------
PriorPosteriorShift Check:
  Status: REVIEW
  Recommendation: We've detected channel(s) `amazon` where the posterior distribution did not significantly shift from the prior. This suggests the data signal for these channels was not strong enough to update the model's beliefs. Please review these channels to see if this is expected (due to a strong priors) or problematic (due to a weak signal).
----------------------------------------
ROIConsistency Check:
  Status: PASS
  Recommendation: The posterior distribution of the ROI is within a reasonable range, aligning with the custom priors you provided.",0.9006,0.0488,0.0489,0.95,0.0
multi|amazon|0.020759|0.033445|Normal|alpha=0p3|ec=0p5|slope=1p2|lag=4|decay=geometric,"{""roi_prior_overrides"": {""amazon"": {""dist"": ""Normal"", ""mu"": 0.020759, ""sigma"": 0.033445}}, ""structural_overrides"": {""adstock_decay_spec"": ""geometric"", ""alpha_m"": 0.3, ""ec_m"": 0.5, ""max_lag"": 4, ""slope_m"": 1.2}}",amazon,amazon,amazon,0.020759,0.033445,Normal,0.3,0.5,1.2,4,geometric,False,0.021522706,PASS,Passed with reviews: Review is needed.,PASS,True,"========================================
Model Quality Checks
========================================
Overall Status: PASS
Summary: Passed with reviews: Review is needed.

Check Results:
----------------------------------------
Convergence Check:
  Status: PASS
  Recommendation: The model has likely converged, as all parameters have R-hat values < 1.2.
----------------------------------------
Baseline Check:
  Status: PASS
  Recommendation: The posterior probability that the baseline is negative is 0.00. We recommend visually inspecting the baseline time series in the Model Fit charts to confirm this.
----------------------------------------
BayesianPPP Check:
  Status: PASS
  Recommendation: The Bayesian posterior predictive p-value is 0.95. The observed total outcome is consistent with the model's posterior predictive distribution.
----------------------------------------
GoodnessOfFit Check:
  Status: PASS
  Recommendation: R-squared = 0.9006, MAPE = 0.0488, and wMAPE = 0.0489. These goodness-of-fit metrics are intended for guidance and relative comparison.
----------------------------------------
PriorPosteriorShift Check:
  Status: REVIEW
  Recommendation: We've detected channel(s) `amazon` where the posterior distribution did not significantly shift from the prior. This suggests the data signal for these channels was not strong enough to update the model's beliefs. Please review these channels to see if this is expected (due to a strong priors) or problematic (due to a weak signal).
----------------------------------------
ROIConsistency Check:
  Status: PASS
  Recommendation: The posterior distribution of the ROI is within a reasonable range, aligning with the custom priors you provided.",0.9006,0.0488,0.0489,0.95,0.0
