run_id,channel,target_channel,targets,roi_prior_mu,roi_prior_sigma,roi_prior_dist,dist_normalized,is_baseline,estimated_roi,baseline_roi,pct_change,delta_abs,delta_pct,contribution_value,contribution_delta,contribution_share,run_contribution_total,effect_value,effect_share,channel_total_spend,spend_share,adstock_alpha_m,saturation_ec_m,saturation_slope_m,max_lag,adstock_decay_spec,qc_status_code,qc_summary_short
multi|tiktok|pmode=contribution|rpk=none|cmean=0.010000|cscale=0.005000|dist=LogNormal|0.005230|0.002615|LogNormal|alpha=0p3|ec=0p5|slope=1p2|lag=4|decay=geometric,meta,tiktok,tiktok,0.00523,0.002615,LogNormal,lognormal,False,0.0218818770830209,0.0214590774127282,,0.0004227996702927,0.0197026024074047,1838423.6854855528,35521.85788872372,0.03591597750538245,51186792.42991625,1838423.6854855528,0.03591597750538245,840158.1265220001,0.04371734568128637,0.3,0.5,1.2,4,geometric,PASS,PASS
multi|tiktok|pmode=contribution|rpk=none|cmean=0.010000|cscale=0.005000|dist=LogNormal|0.005230|0.002615|LogNormal|alpha=0p3|ec=0p5|slope=1p2|lag=4|decay=geometric,google,tiktok,tiktok,0.00523,0.002615,LogNormal,lognormal,False,0.0151624924868034,0.0148373015054191,,0.0003251909813842,0.0219171243009066,15615159.521609524,334899.3612840455,0.3050622783795143,51186792.42991625,15615159.521609524,0.3050622783795143,10298543.94665,0.5358812722474189,0.3,0.5,1.2,4,geometric,PASS,PASS
multi|tiktok|pmode=contribution|rpk=none|cmean=0.010000|cscale=0.005000|dist=LogNormal|0.005230|0.002615|LogNormal|alpha=0p3|ec=0p5|slope=1p2|lag=4|decay=geometric,snapchat,tiktok,tiktok,0.00523,0.002615,LogNormal,lognormal,False,0.0305440145730972,0.0283156580245122,,0.002228356548585,0.0786969720659842,13263545.623094572,967649.7722965088,0.25912046825857876,51186792.42991625,13263545.623094572,0.25912046825857876,4342436.908989999,0.2259572447812554,0.3,0.5,1.2,4,geometric,PASS,PASS
multi|tiktok|pmode=contribution|rpk=none|cmean=0.010000|cscale=0.005000|dist=LogNormal|0.005230|0.002615|LogNormal|alpha=0p3|ec=0p5|slope=1p2|lag=4|decay=geometric,tiktok,tiktok,tiktok,0.00523,0.002615,LogNormal,lognormal,False,0.0048915879110184,0.0068657787514772,,0.0019741908404588,0.2875407017789563,857341.2802483483,-346013.4691233897,0.01674926752681758,51186792.42991625,857341.2802483483,0.01674926752681758,1752685.00913,0.09120037525761927,0.3,0.5,1.2,4,geometric,PASS,PASS
multi|tiktok|pmode=contribution|rpk=none|cmean=0.010000|cscale=0.005000|dist=LogNormal|0.005230|0.002615|LogNormal|alpha=0p3|ec=0p5|slope=1p2|lag=4|decay=geometric,moloco,tiktok,tiktok,0.00523,0.002615,LogNormal,lognormal,False,0.0664024359267205,0.06564366598924,1.1558920819639724,0.0007587699374805,0.0115589208196398,5592642.969847347,63906.23020614591,0.10925949262213806,51186792.42991625,5592642.969847347,0.10925949262213806,842234.6095886,0.04382539477961466,0.3,0.5,1.2,4,geometric,PASS,PASS
multi|tiktok|pmode=contribution|rpk=none|cmean=0.010000|cscale=0.005000|dist=LogNormal|0.005230|0.002615|LogNormal|alpha=0p3|ec=0p5|slope=1p2|lag=4|decay=geometric,liveintent,tiktok,tiktok,0.00523,0.002615,LogNormal,lognormal,False,0.1022365288995206,0.0982339989005898,4.074485456894876,0.0040025299989308,0.0407448545689488,8158343.868193793,319396.7599010682,0.15938376836884252,51186792.42991625,8158343.868193793,0.15938376836884252,797987.173079,0.041522994295304996,0.3,0.5,1.2,4,geometric,PASS,PASS
multi|tiktok|pmode=contribution|rpk=none|cmean=0.010000|cscale=0.005000|dist=LogNormal|0.005230|0.002615|LogNormal|alpha=0p3|ec=0p5|slope=1p2|lag=4|decay=geometric,beehiiv,tiktok,tiktok,0.00523,0.002615,LogNormal,lognormal,False,0.1711015415408959,0.169629193196694,0.8679805147069442,0.0014723483442019,0.0086798051470693,5615078.184598857,48318.39031492453,0.10969779347449617,51186792.42991625,5615078.184598857,0.10969779347449617,328172.2732613,0.017076333918912757,0.3,0.5,1.2,4,geometric,PASS,PASS
multi|tiktok|pmode=contribution|rpk=none|cmean=0.010000|cscale=0.005000|dist=LogNormal|0.005230|0.002615|LogNormal|alpha=0p3|ec=0p5|slope=1p2|lag=4|decay=geometric,amazon,tiktok,tiktok,0.00523,0.002615,LogNormal,lognormal,False,0.1564506092388183,0.1547571389206374,1.0942760573063752,0.0016934703181809,0.0109427605730636,246257.2968382541,2665.5659882695472,0.004810953864230187,51186792.42991625,246257.2968382541,0.004810953864230187,15740.258094,0.0008190390385875116,0.3,0.5,1.2,4,geometric,PASS,PASS
multi|tiktok|pmode=contribution|rpk=none|cmean=0.005000|cscale=0.050000|dist=LogNormal|0.002615|0.026151|LogNormal|alpha=0p3|ec=0p5|slope=1p2|lag=4|decay=geometric,meta,tiktok,tiktok,0.002615,0.026151,LogNormal,lognormal,False,0.0220558153861202,0.0214590774127282,,0.000596737973392,0.0278081840106534,1853037.2533717847,50135.42577495612,0.036151012293437645,51258239.69549421,1853037.2533717847,0.036151012293437645,840158.1265220001,0.04371734568128637,0.3,0.5,1.2,4,geometric,PASS,PASS
multi|tiktok|pmode=contribution|rpk=none|cmean=0.005000|cscale=0.050000|dist=LogNormal|0.002615|0.026151|LogNormal|alpha=0p3|ec=0p5|slope=1p2|lag=4|decay=geometric,google,tiktok,tiktok,0.002615,0.026151,LogNormal,lognormal,False,0.0149504998427194,0.0148373015054191,,0.0001131983373003,0.0076293076108857,15396837.965462966,116577.80513748711,0.3003778135365114,51258239.69549421,15396837.965462966,0.3003778135365114,10298543.94665,0.5358812722474189,0.3,0.5,1.2,4,geometric,PASS,PASS
multi|tiktok|pmode=contribution|rpk=none|cmean=0.005000|cscale=0.050000|dist=LogNormal|0.002615|0.026151|LogNormal|alpha=0p3|ec=0p5|slope=1p2|lag=4|decay=geometric,snapchat,tiktok,tiktok,0.002615,0.026151,LogNormal,lognormal,False,0.0305374087952077,0.0283156580245122,,0.0022217507706955,0.0784636814292709,13260677.105722573,964781.2549245096,0.2587033262261684,51258239.69549421,13260677.105722573,0.2587033262261684,4342436.908989999,0.2259572447812554,0.3,0.5,1.2,4,geometric,PASS,PASS
multi|tiktok|pmode=contribution|rpk=none|cmean=0.005000|cscale=0.050000|dist=LogNormal|0.002615|0.026151|LogNormal|alpha=0p3|ec=0p5|slope=1p2|lag=4|decay=geometric,tiktok,tiktok,tiktok,0.002615,0.026151,LogNormal,lognormal,False,0.0010006577378218,0.0068657787514772,,0.0058651210136554,0.8542542988868518,175383.78163502068,-1027970.9677367172,0.0034215724667274825,51258239.69549421,175383.78163502068,0.0034215724667274825,1752685.00913,0.09120037525761927,0.3,0.5,1.2,4,geometric,PASS,PASS
multi|tiktok|pmode=contribution|rpk=none|cmean=0.005000|cscale=0.050000|dist=LogNormal|0.002615|0.026151|LogNormal|alpha=0p3|ec=0p5|slope=1p2|lag=4|decay=geometric,moloco,tiktok,tiktok,0.002615,0.026151,LogNormal,lognormal,False,0.0665548714778075,0.06564366598924,1.388108776126039,0.0009112054885675,0.0138810877612602,5605481.619533066,76744.87989186496,0.10935766918320076,51258239.69549421,5605481.619533066,0.10935766918320076,842234.6095886,0.04382539477961466,0.3,0.5,1.2,4,geometric,PASS,PASS
multi|tiktok|pmode=contribution|rpk=none|cmean=0.005000|cscale=0.050000|dist=LogNormal|0.002615|0.026151|LogNormal|alpha=0p3|ec=0p5|slope=1p2|lag=4|decay=geometric,liveintent,tiktok,tiktok,0.002615,0.026151,LogNormal,lognormal,False,0.1071980044928689,0.0982339989005898,9.12515594661929,0.008964005592279,0.0912515594661929,8554263.256497439,715316.1482047141,0.16688562282503414,51258239.69549421,8554263.256497439,0.16688562282503414,797987.173079,0.041522994295304996,0.3,0.5,1.2,4,geometric,PASS,PASS
multi|tiktok|pmode=contribution|rpk=none|cmean=0.005000|cscale=0.050000|dist=LogNormal|0.002615|0.026151|LogNormal|alpha=0p3|ec=0p5|slope=1p2|lag=4|decay=geometric,beehiiv,tiktok,tiktok,0.002615,0.026151,LogNormal,lognormal,False,0.1882143936647723,0.169629193196694,10.95636907647599,0.0185852004680782,0.1095636907647599,6176674.542946555,609914.7486626226,0.12050110537622515,51258239.69549421,6176674.542946555,0.12050110537622515,328172.2732613,0.017076333918912757,0.3,0.5,1.2,4,geometric,PASS,PASS
multi|tiktok|pmode=contribution|rpk=none|cmean=0.005000|cscale=0.050000|dist=LogNormal|0.002615|0.026151|LogNormal|alpha=0p3|ec=0p5|slope=1p2|lag=4|decay=geometric,amazon,tiktok,tiktok,0.002615,0.026151,LogNormal,lognormal,False,0.149860420913125,0.1547571389206374,-3.164130612432386,0.0048967180075124,0.0316413061243238,235884.17032480624,-7707.560525178269,0.004601878092695043,51258239.69549421,235884.17032480624,0.004601878092695043,15740.258094,0.0008190390385875116,0.3,0.5,1.2,4,geometric,PASS,PASS
multi|tiktok|pmode=contribution|rpk=none|cmean=0.005000|cscale=0.005000|dist=LogNormal|0.002615|0.002615|LogNormal|alpha=0p3|ec=0p5|slope=1p2|lag=4|decay=geometric,meta,tiktok,tiktok,0.002615,0.002615,LogNormal,lognormal,False,0.022072021337226,0.0214590774127282,,0.0006129439244978,0.0285633866129884,1854398.8095237408,51496.98192691174,0.03635682035185209,51005527.75455443,1854398.8095237408,0.03635682035185209,840158.1265220001,0.04371734568128637,0.3,0.5,1.2,4,geometric,PASS,PASS
multi|tiktok|pmode=contribution|rpk=none|cmean=0.005000|cscale=0.005000|dist=LogNormal|0.002615|0.002615|LogNormal|alpha=0p3|ec=0p5|slope=1p2|lag=4|decay=geometric,google,tiktok,tiktok,0.002615,0.002615,LogNormal,lognormal,False,0.0152090188348665,0.0148373015054191,,0.0003717173294474,0.0250528931633313,15663074.885630025,382814.725304544,0.30708583118682514,51005527.75455443,15663074.885630025,0.30708583118682514,10298543.94665,0.5358812722474189,0.3,0.5,1.2,4,geometric,PASS,PASS
multi|tiktok|pmode=contribution|rpk=none|cmean=0.005000|cscale=0.005000|dist=LogNormal|0.002615|0.002615|LogNormal|alpha=0p3|ec=0p5|slope=1p2|lag=4|decay=geometric,snapchat,tiktok,tiktok,0.002615,0.002615,LogNormal,lognormal,False,0.0304748822965969,0.0283156580245122,,0.0021592242720847,0.0762554862830846,13233525.368186831,937629.5173887684,0.25945276817580176,51005527.75455443,13233525.368186831,0.25945276817580176,4342436.908989999,0.2259572447812554,0.3,0.5,1.2,4,geometric,PASS,PASS
multi|tiktok|pmode=contribution|rpk=none|cmean=0.005000|cscale=0.005000|dist=LogNormal|0.002615|0.002615|LogNormal|alpha=0p3|ec=0p5|slope=1p2|lag=4|decay=geometric,tiktok,tiktok,tiktok,0.002615,0.002615,LogNormal,lognormal,False,0.0022702638534246,0.0068657787514772,,0.0045955148980526,0.6693362929971864,397905.7422667004,-805449.0071050376,0.007801227823413126,51005527.75455443,397905.7422667004,0.007801227823413126,1752685.00913,0.09120037525761927,0.3,0.5,1.2,4,geometric,PASS,PASS
multi|tiktok|pmode=contribution|rpk=none|cmean=0.005000|cscale=0.005000|dist=LogNormal|0.002615|0.002615|LogNormal|alpha=0p3|ec=0p5|slope=1p2|lag=4|decay=geometric,moloco,tiktok,tiktok,0.002615,0.002615,LogNormal,lognormal,False,0.0667146833923955,0.06564366598924,1.6315624470623848,0.0010710174031555,0.0163156244706239,5618941.532082128,90204.7924409276,0.11016338384186991,51005527.75455443,5618941.532082128,0.11016338384186991,842234.6095886,0.04382539477961466,0.3,0.5,1.2,4,geometric,PASS,PASS
multi|tiktok|pmode=contribution|rpk=none|cmean=0.005000|cscale=0.005000|dist=LogNormal|0.002615|0.002615|LogNormal|alpha=0p3|ec=0p5|slope=1p2|lag=4|decay=geometric,liveintent,tiktok,tiktok,0.002615,0.002615,LogNormal,lognormal,False,0.1025829798014213,0.0982339989005898,4.427164677712599,0.0043489809008314,0.044271646777126,8185990.205775633,347043.0974829085,0.16049221655283594,51005527.75455443,8185990.205775633,0.16049221655283594,797987.173079,0.041522994295304996,0.3,0.5,1.2,4,geometric,PASS,PASS
multi|tiktok|pmode=contribution|rpk=none|cmean=0.005000|cscale=0.005000|dist=LogNormal|0.002615|0.002615|LogNormal|alpha=0p3|ec=0p5|slope=1p2|lag=4|decay=geometric,beehiiv,tiktok,tiktok,0.002615,0.002615,LogNormal,lognormal,False,0.1771059059010197,0.169629193196694,4.407680401837473,0.0074767127043257,0.0440768040183747,5812124.774753952,245364.98047002032,0.11395088004427072,51005527.75455443,5812124.774753952,0.11395088004427072,328172.2732613,0.017076333918912757,0.3,0.5,1.2,4,geometric,PASS,PASS
multi|tiktok|pmode=contribution|rpk=none|cmean=0.005000|cscale=0.005000|dist=LogNormal|0.002615|0.002615|LogNormal|alpha=0p3|ec=0p5|slope=1p2|lag=4|decay=geometric,amazon,tiktok,tiktok,0.002615,0.002615,LogNormal,lognormal,False,0.1521998145803809,0.1547571389206374,-1.6524758457623963,0.0025573243402564,0.0165247584576239,239566.436335414,-4025.29451457053,0.004696872023131305,51005527.75455443,239566.436335414,0.004696872023131305,15740.258094,0.0008190390385875116,0.3,0.5,1.2,4,geometric,PASS,PASS
multi|tiktok|pmode=contribution|rpk=none|cmean=0.005000|cscale=0.020000|dist=LogNormal|0.002615|0.010460|LogNormal|alpha=0p3|ec=0p5|slope=1p2|lag=4|decay=geometric,meta,tiktok,tiktok,0.002615,0.01046,LogNormal,lognormal,False,0.0215469468928252,0.0214590774127282,,8.786948009700118e-05,0.0040947464053082,1810284.253374505,7382.42577767605,0.03511215783693125,51557191.72207734,1810284.253374505,0.03511215783693125,840158.1265220001,0.04371734568128637,0.3,0.5,1.2,4,geometric,PASS,PASS
multi|tiktok|pmode=contribution|rpk=none|cmean=0.005000|cscale=0.020000|dist=LogNormal|0.002615|0.010460|LogNormal|alpha=0p3|ec=0p5|slope=1p2|lag=4|decay=geometric,google,tiktok,tiktok,0.002615,0.01046,LogNormal,lognormal,False,0.0156534482965556,0.0148373015054191,,0.0008161467911365,0.0550064168230601,16120772.51986914,840512.3595436625,0.31267747488593434,51557191.72207734,16120772.51986914,0.31267747488593434,10298543.94665,0.5358812722474189,0.3,0.5,1.2,4,geometric,PASS,PASS
multi|tiktok|pmode=contribution|rpk=none|cmean=0.005000|cscale=0.020000|dist=LogNormal|0.002615|0.010460|LogNormal|alpha=0p3|ec=0p5|slope=1p2|lag=4|decay=geometric,snapchat,tiktok,tiktok,0.002615,0.01046,LogNormal,lognormal,False,0.0304429108587404,0.0283156580245122,,0.0021272528342282,0.0751263782175462,13219641.973008676,923746.1222106124,0.25640733196389137,51557191.72207734,13219641.973008676,0.25640733196389137,4342436.908989999,0.2259572447812554,0.3,0.5,1.2,4,geometric,PASS,PASS
multi|tiktok|pmode=contribution|rpk=none|cmean=0.005000|cscale=0.020000|dist=LogNormal|0.002615|0.010460|LogNormal|alpha=0p3|ec=0p5|slope=1p2|lag=4|decay=geometric,tiktok,tiktok,tiktok,0.002615,0.01046,LogNormal,lognormal,False,0.0015648799778712,0.0068657787514772,,0.005300898773606,0.7720753851069684,274274.16783025383,-929080.581541484,0.005319804253667422,51557191.72207734,274274.16783025383,0.005319804253667422,1752685.00913,0.09120037525761927,0.3,0.5,1.2,4,geometric,PASS,PASS
multi|tiktok|pmode=contribution|rpk=none|cmean=0.005000|cscale=0.020000|dist=LogNormal|0.002615|0.010460|LogNormal|alpha=0p3|ec=0p5|slope=1p2|lag=4|decay=geometric,moloco,tiktok,tiktok,0.002615,0.01046,LogNormal,lognormal,False,0.0669083070351431,0.06564366598924,1.9265241007569438,0.001264641045903,0.0192652410075695,5635249.185397793,106512.44575659186,0.10930093352979733,51557191.72207734,5635249.185397793,0.10930093352979733,842234.6095886,0.04382539477961466,0.3,0.5,1.2,4,geometric,PASS,PASS
multi|tiktok|pmode=contribution|rpk=none|cmean=0.005000|cscale=0.020000|dist=LogNormal|0.002615|0.010460|LogNormal|alpha=0p3|ec=0p5|slope=1p2|lag=4|decay=geometric,liveintent,tiktok,tiktok,0.002615,0.01046,LogNormal,lognormal,False,0.1056462589123596,0.0982339989005898,7.545513869664217,0.0074122600117697,0.0754551386966422,8430435.949584594,591488.8412918691,0.1635161976049714,51557191.72207734,8430435.949584594,0.1635161976049714,797987.173079,0.041522994295304996,0.3,0.5,1.2,4,geometric,PASS,PASS
multi|tiktok|pmode=contribution|rpk=none|cmean=0.005000|cscale=0.020000|dist=LogNormal|0.002615|0.010460|LogNormal|alpha=0p3|ec=0p5|slope=1p2|lag=4|decay=geometric,beehiiv,tiktok,tiktok,0.002615,0.01046,LogNormal,lognormal,False,0.1774981107749045,0.169629193196694,4.638893476953615,0.0078689175782104,0.046388934769536,5824995.851258646,258236.0569747137,0.11298124775024006,51557191.72207734,5824995.851258646,0.11298124775024006,328172.2732613,0.017076333918912757,0.3,0.5,1.2,4,geometric,PASS,PASS
multi|tiktok|pmode=contribution|rpk=none|cmean=0.005000|cscale=0.020000|dist=LogNormal|0.002615|0.010460|LogNormal|alpha=0p3|ec=0p5|slope=1p2|lag=4|decay=geometric,amazon,tiktok,tiktok,0.002615,0.01046,LogNormal,lognormal,False,0.1534522625431418,0.1547571389206374,-0.8431768554242709,0.0013048763774956,0.0084317685542426,241537.82175373007,-2053.909096254444,0.004684852174566773,51557191.72207734,241537.82175373007,0.004684852174566773,15740.258094,0.0008190390385875116,0.3,0.5,1.2,4,geometric,PASS,PASS
multi|tiktok|pmode=contribution|rpk=none|cmean=0.010000|cscale=0.050000|dist=LogNormal|0.005230|0.026151|LogNormal|alpha=0p3|ec=0p5|slope=1p2|lag=4|decay=geometric,meta,tiktok,tiktok,0.00523,0.026151,LogNormal,lognormal,False,0.0220805784850381,0.0214590774127282,,0.0006215010723099,0.0289621524894292,1855117.74525116,52215.91765433038,0.03612737368195035,51349366.316599935,1855117.74525116,0.03612737368195035,840158.1265220001,0.04371734568128637,0.3,0.5,1.2,4,geometric,PASS,PASS
multi|tiktok|pmode=contribution|rpk=none|cmean=0.010000|cscale=0.050000|dist=LogNormal|0.005230|0.026151|LogNormal|alpha=0p3|ec=0p5|slope=1p2|lag=4|decay=geometric,google,tiktok,tiktok,0.00523,0.026151,LogNormal,lognormal,False,0.0147347778982172,0.0148373015054191,,0.0001025236072019,0.0069098553510188,15174675.772891697,-105584.38743378408,0.29551826753480526,51349366.316599935,15174675.772891697,0.29551826753480526,10298543.94665,0.5358812722474189,0.3,0.5,1.2,4,geometric,PASS,PASS
multi|tiktok|pmode=contribution|rpk=none|cmean=0.010000|cscale=0.050000|dist=LogNormal|0.005230|0.026151|LogNormal|alpha=0p3|ec=0p5|slope=1p2|lag=4|decay=geometric,snapchat,tiktok,tiktok,0.00523,0.026151,LogNormal,lognormal,False,0.0299573720231031,0.0283156580245122,,0.0016417139985909,0.0579790163156268,13008799.79694673,712903.9461486675,0.25333905226287706,51349366.316599935,13008799.79694673,0.25333905226287706,4342436.908989999,0.2259572447812554,0.3,0.5,1.2,4,geometric,PASS,PASS
multi|tiktok|pmode=contribution|rpk=none|cmean=0.010000|cscale=0.050000|dist=LogNormal|0.005230|0.026151|LogNormal|alpha=0p3|ec=0p5|slope=1p2|lag=4|decay=geometric,tiktok,tiktok,tiktok,0.00523,0.026151,LogNormal,lognormal,False,0.001961628018358,0.0068657787514772,,0.0049041507331192,0.7142890720246486,343811.6021265456,-859543.1472451924,0.006695537390018387,51349366.316599935,343811.6021265456,0.006695537390018387,1752685.00913,0.09120037525761927,0.3,0.5,1.2,4,geometric,PASS,PASS
multi|tiktok|pmode=contribution|rpk=none|cmean=0.010000|cscale=0.050000|dist=LogNormal|0.005230|0.026151|LogNormal|alpha=0p3|ec=0p5|slope=1p2|lag=4|decay=geometric,moloco,tiktok,tiktok,0.00523,0.026151,LogNormal,lognormal,False,0.0687399982319523,0.06564366598924,4.7168789190107665,0.0030963322427123,0.0471687891901075,5789520.55740094,260783.81775973924,0.11274765343169067,51349366.316599935,5789520.55740094,0.11274765343169067,842234.6095886,0.04382539477961466,0.3,0.5,1.2,4,geometric,PASS,PASS
multi|tiktok|pmode=contribution|rpk=none|cmean=0.010000|cscale=0.050000|dist=LogNormal|0.005230|0.026151|LogNormal|alpha=0p3|ec=0p5|slope=1p2|lag=4|decay=geometric,liveintent,tiktok,tiktok,0.00523,0.026151,LogNormal,lognormal,False,0.1059374759470423,0.0982339989005898,7.841966256762294,0.0077034770464524,0.078419662567623,8453674.695410483,614727.5871177576,0.16463055538579502,51349366.316599935,8453674.695410483,0.16463055538579502,797987.173079,0.041522994295304996,0.3,0.5,1.2,4,geometric,PASS,PASS
multi|tiktok|pmode=contribution|rpk=none|cmean=0.010000|cscale=0.050000|dist=LogNormal|0.005230|0.026151|LogNormal|alpha=0p3|ec=0p5|slope=1p2|lag=4|decay=geometric,beehiiv,tiktok,tiktok,0.00523,0.026151,LogNormal,lognormal,False,0.197507450254634,0.169629193196694,16.434822646131256,0.02787825705794,0.1643482264613125,6481646.893610637,914887.0993267046,0.12622642417137844,51349366.316599935,6481646.893610637,0.12622642417137844,328172.2732613,0.017076333918912757,0.3,0.5,1.2,4,geometric,PASS,PASS
multi|tiktok|pmode=contribution|rpk=none|cmean=0.010000|cscale=0.050000|dist=LogNormal|0.005230|0.026151|LogNormal|alpha=0p3|ec=0p5|slope=1p2|lag=4|decay=geometric,amazon,tiktok,tiktok,0.00523,0.026151,LogNormal,lognormal,False,0.153821653695777,0.1547571389206374,-0.6044859910082273,0.0009354852248603,0.0060448599100823,242119.2529617419,-1472.4778882426035,0.0047151361414847865,51349366.316599935,242119.2529617419,0.0047151361414847865,15740.258094,0.0008190390385875116,0.3,0.5,1.2,4,geometric,PASS,PASS
multi|tiktok|pmode=contribution|rpk=none|cmean=0.010000|cscale=0.020000|dist=LogNormal|0.005230|0.010460|LogNormal|alpha=0p3|ec=0p5|slope=1p2|lag=4|decay=geometric,meta,tiktok,tiktok,0.00523,0.01046,LogNormal,lognormal,False,0.022251223353669,0.0214590774127282,,0.0007921459409408,0.0369142589732656,1869454.612564112,66552.78496728302,0.03585128161538946,52144708.036368586,1869454.612564112,0.03585128161538946,840158.1265220001,0.04371734568128637,0.3,0.5,1.2,4,geometric,PASS,PASS
multi|tiktok|pmode=contribution|rpk=none|cmean=0.010000|cscale=0.020000|dist=LogNormal|0.005230|0.010460|LogNormal|alpha=0p3|ec=0p5|slope=1p2|lag=4|decay=geometric,google,tiktok,tiktok,0.00523,0.01046,LogNormal,lognormal,False,0.0152193953003734,0.0148373015054191,,0.0003820937949543,0.0257522430756527,15673761.134233393,393500.973907914,0.3005820096509439,52144708.036368586,15673761.134233393,0.3005820096509439,10298543.94665,0.5358812722474189,0.3,0.5,1.2,4,geometric,PASS,PASS
multi|tiktok|pmode=contribution|rpk=none|cmean=0.010000|cscale=0.020000|dist=LogNormal|0.005230|0.010460|LogNormal|alpha=0p3|ec=0p5|slope=1p2|lag=4|decay=geometric,snapchat,tiktok,tiktok,0.00523,0.01046,LogNormal,lognormal,False,0.029895645918635,0.0283156580245122,,0.0015799878941228,0.0557990880083041,12981995.625517689,686099.7747196238,0.2489609418555634,52144708.036368586,12981995.625517689,0.2489609418555634,4342436.908989999,0.2259572447812554,0.3,0.5,1.2,4,geometric,PASS,PASS
multi|tiktok|pmode=contribution|rpk=none|cmean=0.010000|cscale=0.020000|dist=LogNormal|0.005230|0.010460|LogNormal|alpha=0p3|ec=0p5|slope=1p2|lag=4|decay=geometric,tiktok,tiktok,tiktok,0.00523,0.01046,LogNormal,lognormal,False,0.0030691707804968,0.0068657787514772,,0.0037966079709804,0.5529755776303664,537928.9617436563,-665425.7876280816,0.010316079656030964,52144708.036368586,537928.9617436563,0.010316079656030964,1752685.00913,0.09120037525761927,0.3,0.5,1.2,4,geometric,PASS,PASS
multi|tiktok|pmode=contribution|rpk=none|cmean=0.010000|cscale=0.020000|dist=LogNormal|0.005230|0.010460|LogNormal|alpha=0p3|ec=0p5|slope=1p2|lag=4|decay=geometric,moloco,tiktok,tiktok,0.00523,0.01046,LogNormal,lognormal,False,0.0694990272354334,0.06564366598924,5.873165655960399,0.0038553612461934,0.0587316565596038,5853448.607042273,324711.8674010718,0.11225393385959234,52144708.036368586,5853448.607042273,0.11225393385959234,842234.6095886,0.04382539477961466,0.3,0.5,1.2,4,geometric,PASS,PASS
multi|tiktok|pmode=contribution|rpk=none|cmean=0.010000|cscale=0.020000|dist=LogNormal|0.005230|0.010460|LogNormal|alpha=0p3|ec=0p5|slope=1p2|lag=4|decay=geometric,liveintent,tiktok,tiktok,0.00523,0.01046,LogNormal,lognormal,False,0.1097427370585501,0.0982339989005898,11.715636426047196,0.0115087381579603,0.117156364260472,8757329.65113044,918382.5428377148,0.16794282643259978,52144708.036368586,8757329.65113044,0.16794282643259978,797987.173079,0.041522994295304996,0.3,0.5,1.2,4,geometric,PASS,PASS
multi|tiktok|pmode=contribution|rpk=none|cmean=0.010000|cscale=0.020000|dist=LogNormal|0.005230|0.010460|LogNormal|alpha=0p3|ec=0p5|slope=1p2|lag=4|decay=geometric,beehiiv,tiktok,tiktok,0.00523,0.01046,LogNormal,lognormal,False,0.1898368538264185,0.169629193196694,11.91284368504461,0.0202076606297244,0.1191284368504461,6229919.186898887,663159.3926149551,0.11947366130718,52144708.036368586,6229919.186898887,0.11947366130718,328172.2732613,0.017076333918912757,0.3,0.5,1.2,4,geometric,PASS,PASS
multi|tiktok|pmode=contribution|rpk=none|cmean=0.010000|cscale=0.020000|dist=LogNormal|0.005230|0.010460|LogNormal|alpha=0p3|ec=0p5|slope=1p2|lag=4|decay=geometric,amazon,tiktok,tiktok,0.00523,0.01046,LogNormal,lognormal,False,0.1530281497289737,0.1547571389206374,-1.1172274207979251,0.0017289891916636,0.0111722742079792,240870.2572381322,-2721.4736118523,0.004619265622700122,52144708.036368586,240870.2572381322,0.004619265622700122,15740.258094,0.0008190390385875116,0.3,0.5,1.2,4,geometric,PASS,PASS
multi|tiktok|pmode=contribution|rpk=none|cmean=0.020000|cscale=0.020000|dist=LogNormal|0.010460|0.010460|LogNormal|alpha=0p3|ec=0p5|slope=1p2|lag=4|decay=geometric,meta,tiktok,tiktok,0.01046,0.01046,LogNormal,lognormal,False,0.0214590774127282,0.0214590774127282,,,,,,,,,,,,0.3,0.5,1.2,4,geometric,PASS,PASS
multi|tiktok|pmode=contribution|rpk=none|cmean=0.020000|cscale=0.020000|dist=LogNormal|0.010460|0.010460|LogNormal|alpha=0p3|ec=0p5|slope=1p2|lag=4|decay=geometric,google,tiktok,tiktok,0.01046,0.01046,LogNormal,lognormal,False,0.0148373015054191,0.0148373015054191,,,,,,,,,,,,0.3,0.5,1.2,4,geometric,PASS,PASS
multi|tiktok|pmode=contribution|rpk=none|cmean=0.020000|cscale=0.020000|dist=LogNormal|0.010460|0.010460|LogNormal|alpha=0p3|ec=0p5|slope=1p2|lag=4|decay=geometric,snapchat,tiktok,tiktok,0.01046,0.01046,LogNormal,lognormal,False,0.0283156580245122,0.0283156580245122,,,,,,,,,,,,0.3,0.5,1.2,4,geometric,PASS,PASS
multi|tiktok|pmode=contribution|rpk=none|cmean=0.020000|cscale=0.020000|dist=LogNormal|0.010460|0.010460|LogNormal|alpha=0p3|ec=0p5|slope=1p2|lag=4|decay=geometric,tiktok,tiktok,tiktok,0.01046,0.01046,LogNormal,lognormal,False,0.0068657787514772,0.0068657787514772,,,,,,,,,,,,0.3,0.5,1.2,4,geometric,PASS,PASS
multi|tiktok|pmode=contribution|rpk=none|cmean=0.020000|cscale=0.020000|dist=LogNormal|0.010460|0.010460|LogNormal|alpha=0p3|ec=0p5|slope=1p2|lag=4|decay=geometric,moloco,tiktok,tiktok,0.01046,0.01046,LogNormal,lognormal,False,0.06564366598924,0.06564366598924,0.0,,,,,,,,,,,0.3,0.5,1.2,4,geometric,PASS,PASS
multi|tiktok|pmode=contribution|rpk=none|cmean=0.020000|cscale=0.020000|dist=LogNormal|0.010460|0.010460|LogNormal|alpha=0p3|ec=0p5|slope=1p2|lag=4|decay=geometric,liveintent,tiktok,tiktok,0.01046,0.01046,LogNormal,lognormal,False,0.0982339989005898,0.0982339989005898,0.0,,,,,,,,,,,0.3,0.5,1.2,4,geometric,PASS,PASS
multi|tiktok|pmode=contribution|rpk=none|cmean=0.020000|cscale=0.020000|dist=LogNormal|0.010460|0.010460|LogNormal|alpha=0p3|ec=0p5|slope=1p2|lag=4|decay=geometric,beehiiv,tiktok,tiktok,0.01046,0.01046,LogNormal,lognormal,False,0.169629193196694,0.169629193196694,0.0,,,,,,,,,,,0.3,0.5,1.2,4,geometric,PASS,PASS
multi|tiktok|pmode=contribution|rpk=none|cmean=0.020000|cscale=0.020000|dist=LogNormal|0.010460|0.010460|LogNormal|alpha=0p3|ec=0p5|slope=1p2|lag=4|decay=geometric,amazon,tiktok,tiktok,0.01046,0.01046,LogNormal,lognormal,False,0.1547571389206374,0.1547571389206374,0.0,,,,,,,,,,,0.3,0.5,1.2,4,geometric,PASS,PASS
multi|tiktok|pmode=contribution|rpk=none|cmean=0.020000|cscale=0.005000|dist=LogNormal|0.010460|0.002615|LogNormal|alpha=0p3|ec=0p5|slope=1p2|lag=4|decay=geometric,meta,tiktok,tiktok,0.01046,0.002615,LogNormal,lognormal,False,0.0226103292700524,0.0214590774127282,,0.0011512518573242,0.0536487116935116,1899625.1879572768,96723.36036044756,0.03656291033204169,51954977.61819446,1899625.1879572768,0.03656291033204169,840158.1265220001,0.04371734568128637,0.3,0.5,1.2,4,geometric,PASS,PASS
multi|tiktok|pmode=contribution|rpk=none|cmean=0.020000|cscale=0.005000|dist=LogNormal|0.010460|0.002615|LogNormal|alpha=0p3|ec=0p5|slope=1p2|lag=4|decay=geometric,google,tiktok,tiktok,0.01046,0.002615,LogNormal,lognormal,False,0.01441140828887,0.0148373015054191,,0.000425893216549,0.0287042233652493,14841652.159604378,-438608.0007211007,0.2856637196280281,51954977.61819446,14841652.159604378,0.2856637196280281,10298543.94665,0.5358812722474189,0.3,0.5,1.2,4,geometric,PASS,PASS
multi|tiktok|pmode=contribution|rpk=none|cmean=0.020000|cscale=0.005000|dist=LogNormal|0.010460|0.002615|LogNormal|alpha=0p3|ec=0p5|slope=1p2|lag=4|decay=geometric,snapchat,tiktok,tiktok,0.01046,0.002615,LogNormal,lognormal,False,0.0293552888479704,0.0283156580245122,,0.0010396308234582,0.0367157571460361,12747348.97674892,451453.1259508561,0.2453537574479647,51954977.61819446,12747348.97674892,0.2453537574479647,4342436.908989999,0.2259572447812554,0.3,0.5,1.2,4,geometric,PASS,PASS
multi|tiktok|pmode=contribution|rpk=none|cmean=0.020000|cscale=0.005000|dist=LogNormal|0.010460|0.002615|LogNormal|alpha=0p3|ec=0p5|slope=1p2|lag=4|decay=geometric,tiktok,tiktok,tiktok,0.01046,0.002615,LogNormal,lognormal,False,0.0099654260852063,0.0068657787514772,,0.003099647333729,0.4514633293509782,1746625.290913415,543270.5415416767,0.03361805491956853,51954977.61819446,1746625.290913415,0.03361805491956853,1752685.00913,0.09120037525761927,0.3,0.5,1.2,4,geometric,PASS,PASS
multi|tiktok|pmode=contribution|rpk=none|cmean=0.020000|cscale=0.005000|dist=LogNormal|0.010460|0.002615|LogNormal|alpha=0p3|ec=0p5|slope=1p2|lag=4|decay=geometric,moloco,tiktok,tiktok,0.01046,0.002615,LogNormal,lognormal,False,0.0683935099529723,0.06564366598924,4.189046913045724,0.0027498439637323,0.0418904691304571,5760338.115363566,231601.37572236545,0.11087172739626616,51954977.61819446,5760338.115363566,0.11087172739626616,842234.6095886,0.04382539477961466,0.3,0.5,1.2,4,geometric,PASS,PASS
multi|tiktok|pmode=contribution|rpk=none|cmean=0.020000|cscale=0.005000|dist=LogNormal|0.010460|0.002615|LogNormal|alpha=0p3|ec=0p5|slope=1p2|lag=4|decay=geometric,liveintent,tiktok,tiktok,0.01046,0.002615,LogNormal,lognormal,False,0.1084255939287444,0.0982339989005898,10.374814363882534,0.0101915950281546,0.1037481436388254,8652223.318861032,813276.210568307,0.16653309683711714,51954977.61819446,8652223.318861032,0.16653309683711714,797987.173079,0.041522994295304996,0.3,0.5,1.2,4,geometric,PASS,PASS
multi|tiktok|pmode=contribution|rpk=none|cmean=0.020000|cscale=0.005000|dist=LogNormal|0.010460|0.002615|LogNormal|alpha=0p3|ec=0p5|slope=1p2|lag=4|decay=geometric,beehiiv,tiktok,tiktok,0.01046,0.002615,LogNormal,lognormal,False,0.1848978791230668,0.169629193196694,9.001213552120088,0.0152686859263727,0.0900121355212009,6067835.731300989,501075.9370170571,0.11679026744833114,51954977.61819446,6067835.731300989,0.11679026744833114,328172.2732613,0.017076333918912757,0.3,0.5,1.2,4,geometric,PASS,PASS
multi|tiktok|pmode=contribution|rpk=none|cmean=0.020000|cscale=0.005000|dist=LogNormal|0.010460|0.002615|LogNormal|alpha=0p3|ec=0p5|slope=1p2|lag=4|decay=geometric,amazon,tiktok,tiktok,0.01046,0.002615,LogNormal,lognormal,False,0.1520488647744059,0.1547571389206374,-1.7500156471749844,0.0027082741462314,0.0175001564717498,239328.8374448854,-4262.893405099108,0.004606465990682541,51954977.61819446,239328.8374448854,0.004606465990682541,15740.258094,0.0008190390385875116,0.3,0.5,1.2,4,geometric,PASS,PASS
multi|tiktok|pmode=contribution|rpk=none|cmean=0.020000|cscale=0.050000|dist=LogNormal|0.010460|0.026151|LogNormal|alpha=0p3|ec=0p5|slope=1p2|lag=4|decay=geometric,meta,tiktok,tiktok,0.01046,0.026151,LogNormal,lognormal,False,0.0218002951114128,0.0214590774127282,,0.0003412176986846,0.0159008559465008,1831569.5098431287,28667.682246300392,0.03663106584178916,50000442.73223555,1831569.5098431287,0.03663106584178916,840158.1265220001,0.04371734568128637,0.3,0.5,1.2,4,geometric,PASS,PASS
multi|tiktok|pmode=contribution|rpk=none|cmean=0.020000|cscale=0.050000|dist=LogNormal|0.010460|0.026151|LogNormal|alpha=0p3|ec=0p5|slope=1p2|lag=4|decay=geometric,google,tiktok,tiktok,0.01046,0.026151,LogNormal,lognormal,False,0.0145415266510099,0.0148373015054191,,0.0002957748544092,0.0199345449912959,14975655.126680763,-304605.03364471346,0.2995104504749891,50000442.73223555,14975655.126680763,0.2995104504749891,10298543.94665,0.5358812722474189,0.3,0.5,1.2,4,geometric,PASS,PASS
multi|tiktok|pmode=contribution|rpk=none|cmean=0.020000|cscale=0.050000|dist=LogNormal|0.010460|0.026151|LogNormal|alpha=0p3|ec=0p5|slope=1p2|lag=4|decay=geometric,snapchat,tiktok,tiktok,0.01046,0.026151,LogNormal,lognormal,False,0.0297865304707859,0.0283156580245122,,0.0014708724462737,0.0519455505854888,12934612.930709597,638717.0799115319,0.25868996800643496,50000442.73223555,12934612.930709597,0.25868996800643496,4342436.908989999,0.2259572447812554,0.3,0.5,1.2,4,geometric,PASS,PASS
multi|tiktok|pmode=contribution|rpk=none|cmean=0.020000|cscale=0.050000|dist=LogNormal|0.010460|0.026151|LogNormal|alpha=0p3|ec=0p5|slope=1p2|lag=4|decay=geometric,tiktok,tiktok,tiktok,0.01046,0.026151,LogNormal,lognormal,False,0.0040558329487733,0.0068657787514772,,0.0028099458027039,0.4092683298452239,710859.7608850487,-492494.9884866893,0.014217069330603219,50000442.73223555,710859.7608850487,0.014217069330603219,1752685.00913,0.09120037525761927,0.3,0.5,1.2,4,geometric,PASS,PASS
multi|tiktok|pmode=contribution|rpk=none|cmean=0.020000|cscale=0.050000|dist=LogNormal|0.010460|0.026151|LogNormal|alpha=0p3|ec=0p5|slope=1p2|lag=4|decay=geometric,moloco,tiktok,tiktok,0.01046,0.026151,LogNormal,lognormal,False,0.0667452308225135,0.06564366598924,1.6780976757971873,0.0011015648332735,0.0167809767579718,5621514.342370066,92777.60272886512,0.11242929132597151,50000442.73223555,5621514.342370066,0.11242929132597151,842234.6095886,0.04382539477961466,0.3,0.5,1.2,4,geometric,PASS,PASS
multi|tiktok|pmode=contribution|rpk=none|cmean=0.020000|cscale=0.050000|dist=LogNormal|0.010460|0.026151|LogNormal|alpha=0p3|ec=0p5|slope=1p2|lag=4|decay=geometric,liveintent,tiktok,tiktok,0.01046,0.026151,LogNormal,lognormal,False,0.0999299575885137,0.0982339989005898,1.726447774604148,0.0016959586879238,0.0172644777460415,7974282.4361962415,135335.3279035166,0.15948423654767319,50000442.73223555,7974282.4361962415,0.15948423654767319,797987.173079,0.041522994295304996,0.3,0.5,1.2,4,geometric,PASS,PASS
multi|tiktok|pmode=contribution|rpk=none|cmean=0.020000|cscale=0.050000|dist=LogNormal|0.010460|0.026151|LogNormal|alpha=0p3|ec=0p5|slope=1p2|lag=4|decay=geometric,beehiiv,tiktok,tiktok,0.01046,0.026151,LogNormal,lognormal,False,0.1740082817648847,0.169629193196694,2.5815654049081678,0.0043790885681906,0.0258156540490817,5710469.339307502,143709.54502356984,0.11420837551156186,50000442.73223555,5710469.339307502,0.11420837551156186,328172.2732613,0.017076333918912757,0.3,0.5,1.2,4,geometric,PASS,PASS
multi|tiktok|pmode=contribution|rpk=none|cmean=0.020000|cscale=0.050000|dist=LogNormal|0.010460|0.026151|LogNormal|alpha=0p3|ec=0p5|slope=1p2|lag=4|decay=geometric,amazon,tiktok,tiktok,0.01046,0.026151,LogNormal,lognormal,False,0.1534150741373499,0.1547571389206374,-0.8672070268601518,0.0013420647832874,0.0086720702686015,241479.2862432032,-2112.444606781297,0.004829542960977028,50000442.73223555,241479.2862432032,0.004829542960977028,15740.258094,0.0008190390385875116,0.3,0.5,1.2,4,geometric,PASS,PASS
multi|tiktok|pmode=contribution|rpk=none|cmean=0.050000|cscale=0.050000|dist=LogNormal|0.026151|0.026151|LogNormal|alpha=0p3|ec=0p5|slope=1p2|lag=4|decay=geometric,meta,tiktok,tiktok,0.026151,0.026151,LogNormal,lognormal,False,0.0223919442280506,0.0214590774127282,,0.0009328668153224,0.0434718975741743,1881277.3911824103,78375.56358558149,0.03674828865293458,51193605.47507234,1881277.3911824103,0.03674828865293458,840158.1265220001,0.04371734568128637,0.3,0.5,1.2,4,geometric,PASS,PASS
multi|tiktok|pmode=contribution|rpk=none|cmean=0.050000|cscale=0.050000|dist=LogNormal|0.026151|0.026151|LogNormal|alpha=0p3|ec=0p5|slope=1p2|lag=4|decay=geometric,google,tiktok,tiktok,0.026151,0.026151,LogNormal,lognormal,False,0.0144362974120303,0.0148373015054191,,0.0004010040933888,0.0270267537019679,14867284.332470372,-412975.8278551064,0.29041291767796445,51193605.47507234,14867284.332470372,0.29041291767796445,10298543.94665,0.5358812722474189,0.3,0.5,1.2,4,geometric,PASS,PASS
multi|tiktok|pmode=contribution|rpk=none|cmean=0.050000|cscale=0.050000|dist=LogNormal|0.026151|0.026151|LogNormal|alpha=0p3|ec=0p5|slope=1p2|lag=4|decay=geometric,snapchat,tiktok,tiktok,0.026151,0.026151,LogNormal,lognormal,False,0.029896310569408,0.0283156580245122,,0.0015806525448958,0.0558225609140874,12982284.245922511,686388.3951244503,0.25359191104920253,51193605.47507234,12982284.245922511,0.25359191104920253,4342436.908989999,0.2259572447812554,0.3,0.5,1.2,4,geometric,PASS,PASS
multi|tiktok|pmode=contribution|rpk=none|cmean=0.050000|cscale=0.050000|dist=LogNormal|0.026151|0.026151|LogNormal|alpha=0p3|ec=0p5|slope=1p2|lag=4|decay=geometric,tiktok,tiktok,tiktok,0.026151,0.026151,LogNormal,lognormal,False,0.0122460963988366,0.0068657787514772,,0.0053803176473594,0.7836427362594234,2146354.957860179,943000.2084884408,0.04192623156627055,51193605.47507234,2146354.957860179,0.04192623156627055,1752685.00913,0.09120037525761927,0.3,0.5,1.2,4,geometric,PASS,PASS
multi|tiktok|pmode=contribution|rpk=none|cmean=0.050000|cscale=0.050000|dist=LogNormal|0.026151|0.026151|LogNormal|alpha=0p3|ec=0p5|slope=1p2|lag=4|decay=geometric,moloco,tiktok,tiktok,0.026151,0.026151,LogNormal,lognormal,False,0.0686559221148491,0.06564366598924,4.588799361240508,0.003012256125609,0.045887993612405,5782439.375834526,253702.6361933248,0.11295237602770847,51193605.47507234,5782439.375834526,0.11295237602770847,842234.6095886,0.04382539477961466,0.3,0.5,1.2,4,geometric,PASS,PASS
multi|tiktok|pmode=contribution|rpk=none|cmean=0.050000|cscale=0.050000|dist=LogNormal|0.026151|0.026151|LogNormal|alpha=0p3|ec=0p5|slope=1p2|lag=4|decay=geometric,liveintent,tiktok,tiktok,0.026151,0.026151,LogNormal,lognormal,False,0.0970768159410605,0.0982339989005898,-1.1779862089298985,0.0011571829595292,0.0117798620892989,7746605.392431727,-92341.71586099826,0.15131978536272025,51193605.47507234,7746605.392431727,0.15131978536272025,797987.173079,0.041522994295304996,0.3,0.5,1.2,4,geometric,PASS,PASS
multi|tiktok|pmode=contribution|rpk=none|cmean=0.050000|cscale=0.050000|dist=LogNormal|0.026151|0.026151|LogNormal|alpha=0p3|ec=0p5|slope=1p2|lag=4|decay=geometric,beehiiv,tiktok,tiktok,0.026151,0.026151,LogNormal,lognormal,False,0.1692284595376501,0.169629193196694,-0.23624097449974024,0.0004007336590439,0.0023624097449973,5553608.826697855,-13150.967586076818,0.10848247110475681,51193605.47507234,5553608.826697855,0.10848247110475681,328172.2732613,0.017076333918912757,0.3,0.5,1.2,4,geometric,PASS,PASS
multi|tiktok|pmode=contribution|rpk=none|cmean=0.050000|cscale=0.050000|dist=LogNormal|0.026151|0.026151|LogNormal|alpha=0p3|ec=0p5|slope=1p2|lag=4|decay=geometric,amazon,tiktok,tiktok,0.026151,0.026151,LogNormal,lognormal,False,0.1485051587317138,0.1547571389206374,-4.039865451460519,0.0062519801889235,0.0403986545146052,233750.95267276128,-9840.778177223228,0.004566018558442449,51193605.47507234,233750.95267276128,0.004566018558442449,15740.258094,0.0008190390385875116,0.3,0.5,1.2,4,geometric,PASS,PASS
multi|tiktok|pmode=contribution|rpk=none|cmean=0.050000|cscale=0.005000|dist=LogNormal|0.026151|0.002615|LogNormal|alpha=0p3|ec=0p5|slope=1p2|lag=4|decay=geometric,meta,tiktok,tiktok,0.026151,0.002615,LogNormal,lognormal,False,0.022842948049462,0.0214590774127282,,0.0013838706367338,0.0644888226141993,1919168.843747537,116267.01615070784,0.03493582075832287,54934127.84041513,1919168.843747537,0.03493582075832287,840158.1265220001,0.04371734568128637,0.3,0.5,1.2,4,geometric,PASS,PASS
multi|tiktok|pmode=contribution|rpk=none|cmean=0.050000|cscale=0.005000|dist=LogNormal|0.026151|0.002615|LogNormal|alpha=0p3|ec=0p5|slope=1p2|lag=4|decay=geometric,google,tiktok,tiktok,0.026151,0.002615,LogNormal,lognormal,False,0.0137626173533499,0.0148373015054191,,0.0010746841520692,0.0724312403894122,14173491.963440184,-1106768.1968852931,0.25800886481013213,54934127.84041513,14173491.963440184,0.25800886481013213,10298543.94665,0.5358812722474189,0.3,0.5,1.2,4,geometric,PASS,PASS
multi|tiktok|pmode=contribution|rpk=none|cmean=0.050000|cscale=0.005000|dist=LogNormal|0.026151|0.002615|LogNormal|alpha=0p3|ec=0p5|slope=1p2|lag=4|decay=geometric,snapchat,tiktok,tiktok,0.026151,0.002615,LogNormal,lognormal,False,0.0305830034442866,0.0283156580245122,,0.0022673454197744,0.0800739088532436,13280476.29442384,984580.443625778,0.24175274672611388,54934127.84041513,13280476.29442384,0.24175274672611388,4342436.908989999,0.2259572447812554,0.3,0.5,1.2,4,geometric,PASS,PASS
multi|tiktok|pmode=contribution|rpk=none|cmean=0.050000|cscale=0.005000|dist=LogNormal|0.026151|0.002615|LogNormal|alpha=0p3|ec=0p5|slope=1p2|lag=4|decay=geometric,tiktok,tiktok,tiktok,0.026151,0.002615,LogNormal,lognormal,False,0.0257067629384497,0.0068657787514772,,0.0188409841869725,2.7441874940870745,4505585.803547946,3302231.054176208,0.08201797280984917,54934127.84041513,4505585.803547946,0.08201797280984917,1752685.00913,0.09120037525761927,0.3,0.5,1.2,4,geometric,PASS,PASS
multi|tiktok|pmode=contribution|rpk=none|cmean=0.050000|cscale=0.005000|dist=LogNormal|0.026151|0.002615|LogNormal|alpha=0p3|ec=0p5|slope=1p2|lag=4|decay=geometric,moloco,tiktok,tiktok,0.026151,0.002615,LogNormal,lognormal,False,0.0724193304932365,0.06564366598924,10.321886204690538,0.0067756645039964,0.1032188620469054,6099406.654463884,570669.9148226827,0.11103128226924432,54934127.84041513,6099406.654463884,0.11103128226924432,842234.6095886,0.04382539477961466,0.3,0.5,1.2,4,geometric,PASS,PASS
multi|tiktok|pmode=contribution|rpk=none|cmean=0.050000|cscale=0.005000|dist=LogNormal|0.026151|0.002615|LogNormal|alpha=0p3|ec=0p5|slope=1p2|lag=4|decay=geometric,liveintent,tiktok,tiktok,0.026151,0.002615,LogNormal,lognormal,False,0.1056030430831015,0.0982339989005898,7.501521128106556,0.0073690441825117,0.0750152112810655,8426987.3818424,588040.2735496759,0.1534016778481127,54934127.84041513,8426987.3818424,0.1534016778481127,797987.173079,0.041522994295304996,0.3,0.5,1.2,4,geometric,PASS,PASS
multi|tiktok|pmode=contribution|rpk=none|cmean=0.050000|cscale=0.005000|dist=LogNormal|0.026151|0.002615|LogNormal|alpha=0p3|ec=0p5|slope=1p2|lag=4|decay=geometric,beehiiv,tiktok,tiktok,0.026151,0.002615,LogNormal,lognormal,False,0.1920881659227113,0.169629193196694,13.240039820253658,0.0224589727260172,0.1324003982025365,6303801.007744994,737041.2134610619,0.11475199945028121,54934127.84041513,6303801.007744994,0.11475199945028121,328172.2732613,0.017076333918912757,0.3,0.5,1.2,4,geometric,PASS,PASS
multi|tiktok|pmode=contribution|rpk=none|cmean=0.050000|cscale=0.005000|dist=LogNormal|0.026151|0.002615|LogNormal|alpha=0p3|ec=0p5|slope=1p2|lag=4|decay=geometric,amazon,tiktok,tiktok,0.026151,0.002615,LogNormal,lognormal,False,0.1430789062411834,0.1547571389206374,-7.546167343816567,0.0116782326794539,0.0754616734381656,225209.89120434545,-18381.83964563909,0.004099635327943774,54934127.84041513,225209.89120434545,0.004099635327943774,15740.258094,0.0008190390385875116,0.3,0.5,1.2,4,geometric,PASS,PASS
multi|tiktok|pmode=contribution|rpk=none|cmean=0.050000|cscale=0.020000|dist=LogNormal|0.026151|0.010460|LogNormal|alpha=0p3|ec=0p5|slope=1p2|lag=4|decay=geometric,meta,tiktok,tiktok,0.026151,0.01046,LogNormal,lognormal,False,0.0229266467628379,0.0214590774127282,,0.0014675693501097,0.0683892099312353,1926200.8591697563,123299.03157292747,0.036121530778929524,53325560.06439658,1926200.8591697563,0.036121530778929524,840158.1265220001,0.04371734568128637,0.3,0.5,1.2,4,geometric,FAIL,FAIL:Convergence
multi|tiktok|pmode=contribution|rpk=none|cmean=0.050000|cscale=0.020000|dist=LogNormal|0.026151|0.010460|LogNormal|alpha=0p3|ec=0p5|slope=1p2|lag=4|decay=geometric,google,tiktok,tiktok,0.026151,0.01046,LogNormal,lognormal,False,0.0144014892133418,0.0148373015054191,,0.0004358122920772,0.0293727462448697,14831436.956080647,-448823.2042448297,0.27812998003527817,53325560.06439658,14831436.956080647,0.27812998003527817,10298543.94665,0.5358812722474189,0.3,0.5,1.2,4,geometric,FAIL,FAIL:Convergence
multi|tiktok|pmode=contribution|rpk=none|cmean=0.050000|cscale=0.020000|dist=LogNormal|0.026151|0.010460|LogNormal|alpha=0p3|ec=0p5|slope=1p2|lag=4|decay=geometric,snapchat,tiktok,tiktok,0.026151,0.01046,LogNormal,lognormal,False,0.029545953584214,0.0283156580245122,,0.0012302955597018,0.0434493013948948,12830143.935539624,534248.0847415607,0.24060026598962653,53325560.06439658,12830143.935539624,0.24060026598962653,4342436.908989999,0.2259572447812554,0.3,0.5,1.2,4,geometric,FAIL,FAIL:Convergence
multi|tiktok|pmode=contribution|rpk=none|cmean=0.050000|cscale=0.020000|dist=LogNormal|0.026151|0.010460|LogNormal|alpha=0p3|ec=0p5|slope=1p2|lag=4|decay=geometric,tiktok,tiktok,tiktok,0.026151,0.01046,LogNormal,lognormal,False,0.0204909117395679,0.0068657787514772,,0.0136251329880907,1.9844992798754544,3591411.38293466,2388056.633562921,0.06734877943330794,53325560.06439658,3591411.38293466,0.06734877943330794,1752685.00913,0.09120037525761927,0.3,0.5,1.2,4,geometric,FAIL,FAIL:Convergence
multi|tiktok|pmode=contribution|rpk=none|cmean=0.050000|cscale=0.020000|dist=LogNormal|0.026151|0.010460|LogNormal|alpha=0p3|ec=0p5|slope=1p2|lag=4|decay=geometric,moloco,tiktok,tiktok,0.026151,0.01046,LogNormal,lognormal,False,0.0697409107629209,0.06564366598924,6.241645270622908,0.0040972447736808,0.0624164527062289,5873820.874876208,345084.1352350069,0.11015019566194732,53325560.06439658,5873820.874876208,0.11015019566194732,842234.6095886,0.04382539477961466,0.3,0.5,1.2,4,geometric,FAIL,FAIL:Convergence
multi|tiktok|pmode=contribution|rpk=none|cmean=0.050000|cscale=0.020000|dist=LogNormal|0.026151|0.010460|LogNormal|alpha=0p3|ec=0p5|slope=1p2|lag=4|decay=geometric,liveintent,tiktok,tiktok,0.026151,0.01046,LogNormal,lognormal,False,0.1074266039968157,0.0982339989005898,9.357865096715209,0.0091926050962258,0.0935786509671521,8572505.203689616,733558.0953968912,0.16075790283941427,53325560.06439658,8572505.203689616,0.16075790283941427,797987.173079,0.041522994295304996,0.3,0.5,1.2,4,geometric,FAIL,FAIL:Convergence
multi|tiktok|pmode=contribution|rpk=none|cmean=0.050000|cscale=0.020000|dist=LogNormal|0.026151|0.010460|LogNormal|alpha=0p3|ec=0p5|slope=1p2|lag=4|decay=geometric,beehiiv,tiktok,tiktok,0.026151,0.01046,LogNormal,lognormal,False,0.1667723325329522,0.169629193196694,-1.6841798336145593,0.0028568606637418,0.0168417983361456,5473005.548442839,-93754.24584109336,0.10263381278759326,53325560.06439658,5473005.548442839,0.10263381278759326,328172.2732613,0.017076333918912757,0.3,0.5,1.2,4,geometric,FAIL,FAIL:Convergence
multi|tiktok|pmode=contribution|rpk=none|cmean=0.050000|cscale=0.020000|dist=LogNormal|0.026151|0.010460|LogNormal|alpha=0p3|ec=0p5|slope=1p2|lag=4|decay=geometric,amazon,tiktok,tiktok,0.026151,0.01046,LogNormal,lognormal,False,0.1442386155979087,0.1547571389206374,-6.796793605833455,0.0105185233227286,0.0679679360583345,227035.30366323376,-16556.42718675075,0.004257532473903007,53325560.06439658,227035.30366323376,0.004257532473903007,15740.258094,0.0008190390385875116,0.3,0.5,1.2,4,geometric,FAIL,FAIL:Convergence
multi|tiktok|pmode=contribution|rpk=none|cmean=0.150000|cscale=0.005000|dist=LogNormal|0.078453|0.002615|LogNormal|alpha=0p3|ec=0p5|slope=1p2|lag=4|decay=geometric,meta,tiktok,tiktok,0.078453,0.002615,LogNormal,lognormal,False,0.0258427369827404,0.0214590774127282,,0.0043836595700122,0.204279964403879,2171198.548761998,368296.7211651688,0.03532127794148246,61469988.496992394,2171198.548761998,0.03532127794148246,840158.1265220001,0.04371734568128637,0.3,0.5,1.2,4,geometric,PASS,PASS
multi|tiktok|pmode=contribution|rpk=none|cmean=0.150000|cscale=0.005000|dist=LogNormal|0.078453|0.002615|LogNormal|alpha=0p3|ec=0p5|slope=1p2|lag=4|decay=geometric,google,tiktok,tiktok,0.078453,0.002615,LogNormal,lognormal,False,0.0130469323632617,0.0148373015054191,,0.0017903691421574,0.1206667628546535,13436440.631202076,-1843819.5291234031,0.218585377348159,61469988.496992394,13436440.631202076,0.218585377348159,10298543.94665,0.5358812722474189,0.3,0.5,1.2,4,geometric,PASS,PASS
multi|tiktok|pmode=contribution|rpk=none|cmean=0.150000|cscale=0.005000|dist=LogNormal|0.078453|0.002615|LogNormal|alpha=0p3|ec=0p5|slope=1p2|lag=4|decay=geometric,snapchat,tiktok,tiktok,0.078453,0.002615,LogNormal,lognormal,False,0.0306896669464185,0.0283156580245122,,0.0023740089219063,0.083840852995582,13326794.24727381,1030898.3964757472,0.21680163886684092,61469988.496992394,13326794.24727381,0.21680163886684092,4342436.908989999,0.2259572447812554,0.3,0.5,1.2,4,geometric,PASS,PASS
multi|tiktok|pmode=contribution|rpk=none|cmean=0.150000|cscale=0.005000|dist=LogNormal|0.078453|0.002615|LogNormal|alpha=0p3|ec=0p5|slope=1p2|lag=4|decay=geometric,tiktok,tiktok,tiktok,0.078453,0.002615,LogNormal,lognormal,False,0.0775509799520174,0.0068657787514772,,0.0706852012005402,10.295292603964551,13592244.000524206,12388889.251152469,0.2211200023437331,61469988.496992394,13592244.000524206,0.2211200023437331,1752685.00913,0.09120037525761927,0.3,0.5,1.2,4,geometric,PASS,PASS
multi|tiktok|pmode=contribution|rpk=none|cmean=0.150000|cscale=0.005000|dist=LogNormal|0.078453|0.002615|LogNormal|alpha=0p3|ec=0p5|slope=1p2|lag=4|decay=geometric,moloco,tiktok,tiktok,0.078453,0.002615,LogNormal,lognormal,False,0.0818211062438786,0.06564366598924,24.644327843131634,0.0161774402546386,0.2464432784313164,6891256.747342045,1362520.007700845,0.11210766287485512,61469988.496992394,6891256.747342045,0.11210766287485512,842234.6095886,0.04382539477961466,0.3,0.5,1.2,4,geometric,PASS,PASS
multi|tiktok|pmode=contribution|rpk=none|cmean=0.150000|cscale=0.005000|dist=LogNormal|0.078453|0.002615|LogNormal|alpha=0p3|ec=0p5|slope=1p2|lag=4|decay=geometric,liveintent,tiktok,tiktok,0.078453,0.002615,LogNormal,lognormal,False,0.0900187828593577,0.0982339989005898,-8.362905036112476,0.008215216041232,0.0836290503611247,7183383.405795119,-655563.7024976062,0.11686000894805093,61469988.496992394,7183383.405795119,0.11686000894805093,797987.173079,0.041522994295304996,0.3,0.5,1.2,4,geometric,PASS,PASS
multi|tiktok|pmode=contribution|rpk=none|cmean=0.150000|cscale=0.005000|dist=LogNormal|0.078453|0.002615|LogNormal|alpha=0p3|ec=0p5|slope=1p2|lag=4|decay=geometric,beehiiv,tiktok,tiktok,0.078453,0.002615,LogNormal,lognormal,False,0.1424125896363208,0.169629193196694,-16.044763903825274,0.0272166035603731,0.1604476390382527,4673586.328198005,-893173.4660859266,0.07603037583822998,61469988.496992394,4673586.328198005,0.07603037583822998,328172.2732613,0.017076333918912757,0.3,0.5,1.2,4,geometric,PASS,PASS
multi|tiktok|pmode=contribution|rpk=none|cmean=0.150000|cscale=0.005000|dist=LogNormal|0.078453|0.002615|LogNormal|alpha=0p3|ec=0p5|slope=1p2|lag=4|decay=geometric,amazon,tiktok,tiktok,0.078453,0.002615,LogNormal,lognormal,False,0.1239398914109915,0.1547571389206374,-19.91329622955203,0.0308172475096458,0.1991329622955203,195084.58789513403,-48507.14295485048,0.003173655838648467,61469988.496992394,195084.58789513403,0.003173655838648467,15740.258094,0.0008190390385875116,0.3,0.5,1.2,4,geometric,PASS,PASS
multi|tiktok|pmode=contribution|rpk=none|cmean=0.150000|cscale=0.020000|dist=LogNormal|0.078453|0.010460|LogNormal|alpha=0p3|ec=0p5|slope=1p2|lag=4|decay=geometric,meta,tiktok,tiktok,0.078453,0.01046,LogNormal,lognormal,False,0.0254963030611785,0.0214590774127282,,0.0040372256484503,0.1881360307715591,2142092.6213116865,339190.7937148574,0.035147787271699836,60945305.169649996,2142092.6213116865,0.035147787271699836,840158.1265220001,0.04371734568128637,0.3,0.5,1.2,4,geometric,PASS,PASS
multi|tiktok|pmode=contribution|rpk=none|cmean=0.150000|cscale=0.020000|dist=LogNormal|0.078453|0.010460|LogNormal|alpha=0p3|ec=0p5|slope=1p2|lag=4|decay=geometric,google,tiktok,tiktok,0.078453,0.01046,LogNormal,lognormal,False,0.0129676932189613,0.0148373015054191,,0.0018696082864578,0.1260072989535835,13354835.850214817,-1925424.310110664,0.21912821361776294,60945305.169649996,13354835.850214817,0.21912821361776294,10298543.94665,0.5358812722474189,0.3,0.5,1.2,4,geometric,PASS,PASS
multi|tiktok|pmode=contribution|rpk=none|cmean=0.150000|cscale=0.020000|dist=LogNormal|0.078453|0.010460|LogNormal|alpha=0p3|ec=0p5|slope=1p2|lag=4|decay=geometric,snapchat,tiktok,tiktok,0.078453,0.01046,LogNormal,lognormal,False,0.0306974439540257,0.0283156580245122,,0.0023817859295135,0.0841155069556089,13330171.363761311,1034275.5129632484,0.21872351490660139,60945305.169649996,13330171.363761311,0.21872351490660139,4342436.908989999,0.2259572447812554,0.3,0.5,1.2,4,geometric,PASS,PASS
multi|tiktok|pmode=contribution|rpk=none|cmean=0.150000|cscale=0.020000|dist=LogNormal|0.078453|0.010460|LogNormal|alpha=0p3|ec=0p5|slope=1p2|lag=4|decay=geometric,tiktok,tiktok,tiktok,0.078453,0.01046,LogNormal,lognormal,False,0.0680432039002577,0.0068657787514772,,0.0611774251487804,8.910485956981635,11925830.344915764,10722475.595544023,0.19568087011326804,60945305.169649996,11925830.344915764,0.19568087011326804,1752685.00913,0.09120037525761927,0.3,0.5,1.2,4,geometric,PASS,PASS
multi|tiktok|pmode=contribution|rpk=none|cmean=0.150000|cscale=0.020000|dist=LogNormal|0.078453|0.010460|LogNormal|alpha=0p3|ec=0p5|slope=1p2|lag=4|decay=geometric,moloco,tiktok,tiktok,0.078453,0.01046,LogNormal,lognormal,False,0.0821301410192002,0.06564366598924,25.115104072131782,0.0164864750299602,0.2511510407213178,6917284.725676275,1388547.986035074,0.11349987839786872,60945305.169649996,6917284.725676275,0.11349987839786872,842234.6095886,0.04382539477961466,0.3,0.5,1.2,4,geometric,PASS,PASS
multi|tiktok|pmode=contribution|rpk=none|cmean=0.150000|cscale=0.020000|dist=LogNormal|0.078453|0.010460|LogNormal|alpha=0p3|ec=0p5|slope=1p2|lag=4|decay=geometric,liveintent,tiktok,tiktok,0.078453,0.01046,LogNormal,lognormal,False,0.0943930354248732,0.0982339989005898,-3.9100143725224368,0.0038409634757165,0.0391001437252244,7532443.149704047,-306503.9585886784,0.12359349303012612,60945305.169649996,7532443.149704047,0.12359349303012612,797987.173079,0.041522994295304996,0.3,0.5,1.2,4,geometric,PASS,PASS
multi|tiktok|pmode=contribution|rpk=none|cmean=0.150000|cscale=0.020000|dist=LogNormal|0.078453|0.010460|LogNormal|alpha=0p3|ec=0p5|slope=1p2|lag=4|decay=geometric,beehiiv,tiktok,tiktok,0.078453,0.01046,LogNormal,lognormal,False,0.1689426823798567,0.169629193196694,-0.40471265818098184,0.0006865108168372,0.0040471265818098,5544230.412745935,-22529.381537997164,0.09097059071757496,60945305.169649996,5544230.412745935,0.09097059071757496,328172.2732613,0.017076333918912757,0.3,0.5,1.2,4,geometric,PASS,PASS
multi|tiktok|pmode=contribution|rpk=none|cmean=0.150000|cscale=0.020000|dist=LogNormal|0.078453|0.010460|LogNormal|alpha=0p3|ec=0p5|slope=1p2|lag=4|decay=geometric,amazon,tiktok,tiktok,0.078453,0.01046,LogNormal,lognormal,False,0.1260568283793206,0.1547571389206374,-18.54538714109653,0.0287003105413167,0.1854538714109652,198416.701320157,-45175.0295298275,0.003255651945097915,60945305.169649996,198416.701320157,0.003255651945097915,15740.258094,0.0008190390385875116,0.3,0.5,1.2,4,geometric,PASS,PASS
multi|tiktok|pmode=contribution|rpk=none|cmean=0.150000|cscale=0.050000|dist=LogNormal|0.078453|0.026151|LogNormal|alpha=0p3|ec=0p5|slope=1p2|lag=4|decay=geometric,meta,tiktok,tiktok,0.078453,0.026151,LogNormal,lognormal,False,0.0241368913790211,0.0214590774127282,,0.0026778139662929,0.1247870034107145,2027880.5441063384,224978.7165095092,0.035538975404640225,57060748.68555619,2027880.5441063384,0.035538975404640225,840158.1265220001,0.04371734568128637,0.3,0.5,1.2,4,geometric,PASS,PASS
multi|tiktok|pmode=contribution|rpk=none|cmean=0.150000|cscale=0.050000|dist=LogNormal|0.078453|0.026151|LogNormal|alpha=0p3|ec=0p5|slope=1p2|lag=4|decay=geometric,google,tiktok,tiktok,0.078453,0.026151,LogNormal,lognormal,False,0.0138850448979064,0.0148373015054191,,0.0009522566075127,0.0641799054339431,14299574.508229742,-980685.6520957368,0.2506026443331508,57060748.68555619,14299574.508229742,0.2506026443331508,10298543.94665,0.5358812722474189,0.3,0.5,1.2,4,geometric,PASS,PASS
multi|tiktok|pmode=contribution|rpk=none|cmean=0.150000|cscale=0.050000|dist=LogNormal|0.078453|0.026151|LogNormal|alpha=0p3|ec=0p5|slope=1p2|lag=4|decay=geometric,snapchat,tiktok,tiktok,0.078453,0.026151,LogNormal,lognormal,False,0.0292574647006889,0.0283156580245122,,0.0009418066761767,0.0332609849773366,12704869.457974352,408973.60717628896,0.22265514825238072,57060748.68555619,12704869.457974352,0.22265514825238072,4342436.908989999,0.2259572447812554,0.3,0.5,1.2,4,geometric,PASS,PASS
multi|tiktok|pmode=contribution|rpk=none|cmean=0.150000|cscale=0.050000|dist=LogNormal|0.078453|0.026151|LogNormal|alpha=0p3|ec=0p5|slope=1p2|lag=4|decay=geometric,tiktok,tiktok,tiktok,0.078453,0.026151,LogNormal,lognormal,False,0.0456788859950999,0.0068657787514772,,0.0388131072436227,5.653125253311127,8006069.87173699,6802715.122365252,0.1403078307972424,57060748.68555619,8006069.87173699,0.1403078307972424,1752685.00913,0.09120037525761927,0.3,0.5,1.2,4,geometric,PASS,PASS
multi|tiktok|pmode=contribution|rpk=none|cmean=0.150000|cscale=0.050000|dist=LogNormal|0.078453|0.026151|LogNormal|alpha=0p3|ec=0p5|slope=1p2|lag=4|decay=geometric,moloco,tiktok,tiktok,0.078453,0.026151,LogNormal,lognormal,False,0.0743609091391166,0.06564366598924,13.279640950134452,0.0087172431498765,0.1327964095013445,6262933.127743723,734196.3881025221,0.10975904228415885,57060748.68555619,6262933.127743723,0.10975904228415885,842234.6095886,0.04382539477961466,0.3,0.5,1.2,4,geometric,PASS,PASS
multi|tiktok|pmode=contribution|rpk=none|cmean=0.150000|cscale=0.050000|dist=LogNormal|0.078453|0.026151|LogNormal|alpha=0p3|ec=0p5|slope=1p2|lag=4|decay=geometric,liveintent,tiktok,tiktok,0.078453,0.026151,LogNormal,lognormal,False,0.0997118659410625,0.0982339989005898,1.5044353859281088,0.0014778670404727,0.015044353859281,7956879.002474068,117931.8941813428,0.13944575186564623,57060748.68555619,7956879.002474068,0.13944575186564623,797987.173079,0.041522994295304996,0.3,0.5,1.2,4,geometric,PASS,PASS
multi|tiktok|pmode=contribution|rpk=none|cmean=0.150000|cscale=0.050000|dist=LogNormal|0.078453|0.026151|LogNormal|alpha=0p3|ec=0p5|slope=1p2|lag=4|decay=geometric,beehiiv,tiktok,tiktok,0.078453,0.026151,LogNormal,lognormal,False,0.1700073916465044,0.169629193196694,0.2229559916445905,0.0003781984498104,0.0022295599164459,5579171.21878575,12411.424501817672,0.09777599045415272,57060748.68555619,5579171.21878575,0.09777599045415272,328172.2732613,0.017076333918912757,0.3,0.5,1.2,4,geometric,PASS,PASS
multi|tiktok|pmode=contribution|rpk=none|cmean=0.150000|cscale=0.050000|dist=LogNormal|0.078453|0.026151|LogNormal|alpha=0p3|ec=0p5|slope=1p2|lag=4|decay=geometric,amazon,tiktok,tiktok,0.078453,0.026151,LogNormal,lognormal,False,0.1419106047507375,0.1547571389206374,-8.30109309302226,0.0128465341698998,0.0830109309302226,223370.95450522305,-20220.776344761456,0.003914616608627938,57060748.68555619,223370.95450522305,0.003914616608627938,15740.258094,0.0008190390385875116,0.3,0.5,1.2,4,geometric,PASS,PASS
