run_id,target_channel,roi_prior_mu,roi_prior_sigma,roi_prior_dist,is_baseline,qc_status_code,qc_summary_short,adstock_alpha_m,saturation_ec_m,saturation_slope_m,max_lag,adstock_decay_spec,total_abs_pct_change,n_channels,total_abs_value_change,struct_profile_id
"multi|channel0,channel1,channel2,channel3,channel4|pmode=roi|rpk=revenue_per_conversion|target=channel3|mu=1.500000|sigma=0.500000|dist=LogNormal|1.500000|0.500000|LogNormal|alpha=0p3|ec=0p5|slope=1p2|lag=4|decay=geometric",channel3,1.5,0.5,LogNormal,False,PASS,PASS,0.3,0.5,1.2,4,geometric,225.64107291047495,5,4882240008.394712,alpha=0.3000|ec=0.5000|slope=1.2000|lag=4.0000|decay=geometric
"multi|channel0,channel1,channel2,channel3,channel4|pmode=roi|rpk=revenue_per_conversion|target=channel4|mu=1.500000|sigma=0.500000|dist=LogNormal|1.500000|0.500000|LogNormal|alpha=0p3|ec=0p5|slope=1p2|lag=4|decay=geometric",channel4,1.5,0.5,LogNormal,False,PASS,PASS,0.3,0.5,1.2,4,geometric,175.4969244582525,5,3320122124.553446,alpha=0.3000|ec=0.5000|slope=1.2000|lag=4.0000|decay=geometric
"multi|channel0,channel1,channel2,channel3,channel4|pmode=roi|rpk=revenue_per_conversion|target=channel0|mu=1.500000|sigma=0.500000|dist=LogNormal|1.500000|0.500000|LogNormal|alpha=0p3|ec=0p5|slope=1p2|lag=4|decay=geometric",channel0,1.5,0.5,LogNormal,False,PASS,PASS,0.3,0.5,1.2,4,geometric,163.83162965796848,5,2880915453.2355094,alpha=0.3000|ec=0.5000|slope=1.2000|lag=4.0000|decay=geometric
"multi|channel0,channel1,channel2,channel3,channel4|pmode=roi|rpk=revenue_per_conversion|target=channel1|mu=1.500000|sigma=0.500000|dist=LogNormal|1.500000|0.500000|LogNormal|alpha=0p3|ec=0p5|slope=1p2|lag=4|decay=geometric",channel1,1.5,0.5,LogNormal,False,PASS,PASS,0.3,0.5,1.2,4,geometric,151.80789365733088,5,2257425415.0183573,alpha=0.3000|ec=0.5000|slope=1.2000|lag=4.0000|decay=geometric
"multi|channel0,channel1,channel2,channel3,channel4|pmode=roi|rpk=revenue_per_conversion|target=channel2|mu=1.500000|sigma=0.500000|dist=LogNormal|1.500000|0.500000|LogNormal|alpha=0p3|ec=0p5|slope=1p2|lag=4|decay=geometric",channel2,1.5,0.5,LogNormal,False,PASS,PASS,0.3,0.5,1.2,4,geometric,135.4911360813602,5,1005236140.689023,alpha=0.3000|ec=0.5000|slope=1.2000|lag=4.0000|decay=geometric
"multi|channel0,channel1,channel2,channel3,channel4|pmode=roi|rpk=revenue_per_conversion|target=channel3|mu=0.500000|sigma=1.500000|dist=LogNormal|0.500000|1.500000|LogNormal|alpha=0p3|ec=0p5|slope=1p2|lag=4|decay=geometric",channel3,0.5,1.5,LogNormal,False,PASS,PASS,0.3,0.5,1.2,4,geometric,100.37163448348457,5,2090547908.143799,alpha=0.3000|ec=0.5000|slope=1.2000|lag=4.0000|decay=geometric
"multi|channel0,channel1,channel2,channel3,channel4|pmode=roi|rpk=revenue_per_conversion|target=channel1|mu=0.500000|sigma=1.500000|dist=LogNormal|0.500000|1.500000|LogNormal|alpha=0p3|ec=0p5|slope=1p2|lag=4|decay=geometric",channel1,0.5,1.5,LogNormal,False,PASS,PASS,0.3,0.5,1.2,4,geometric,93.23258288936971,5,1483606720.5140986,alpha=0.3000|ec=0.5000|slope=1.2000|lag=4.0000|decay=geometric
"multi|channel0,channel1,channel2,channel3,channel4|pmode=roi|rpk=revenue_per_conversion|target=channel3|mu=1.000000|sigma=0.500000|dist=LogNormal|1.000000|0.500000|LogNormal|alpha=0p3|ec=0p5|slope=1p2|lag=4|decay=geometric",channel3,1.0,0.5,LogNormal,False,PASS,PASS,0.3,0.5,1.2,4,geometric,89.49679970933082,5,1948986314.9589896,alpha=0.3000|ec=0.5000|slope=1.2000|lag=4.0000|decay=geometric
"multi|channel0,channel1,channel2,channel3,channel4|pmode=roi|rpk=revenue_per_conversion|target=channel0|mu=0.500000|sigma=1.500000|dist=LogNormal|0.500000|1.500000|LogNormal|alpha=0p3|ec=0p5|slope=1p2|lag=4|decay=geometric",channel0,0.5,1.5,LogNormal,False,PASS,PASS,0.3,0.5,1.2,4,geometric,89.06785707861538,5,1564338618.7429037,alpha=0.3000|ec=0.5000|slope=1.2000|lag=4.0000|decay=geometric
"multi|channel0,channel1,channel2,channel3,channel4|pmode=roi|rpk=revenue_per_conversion|target=channel3|mu=0.500000|sigma=1.000000|dist=LogNormal|0.500000|1.000000|LogNormal|alpha=0p3|ec=0p5|slope=1p2|lag=4|decay=geometric",channel3,0.5,1.0,LogNormal,False,PASS,PASS,0.3,0.5,1.2,4,geometric,86.49911861677366,5,1757418589.3620446,alpha=0.3000|ec=0.5000|slope=1.2000|lag=4.0000|decay=geometric
"multi|channel0,channel1,channel2,channel3,channel4|pmode=roi|rpk=revenue_per_conversion|target=channel1|mu=1.500000|sigma=1.000000|dist=LogNormal|1.500000|1.000000|LogNormal|alpha=0p3|ec=0p5|slope=1p2|lag=4|decay=geometric",channel1,1.5,1.0,LogNormal,False,PASS,PASS,0.3,0.5,1.2,4,geometric,80.56104931349842,5,1230175758.4832134,alpha=0.3000|ec=0.5000|slope=1.2000|lag=4.0000|decay=geometric
"multi|channel0,channel1,channel2,channel3,channel4|pmode=roi|rpk=revenue_per_conversion|target=channel3|mu=1.500000|sigma=1.000000|dist=LogNormal|1.500000|1.000000|LogNormal|alpha=0p3|ec=0p5|slope=1p2|lag=4|decay=geometric",channel3,1.5,1.0,LogNormal,False,PASS,PASS,0.3,0.5,1.2,4,geometric,79.84276997610213,5,1719537404.0722451,alpha=0.3000|ec=0.5000|slope=1.2000|lag=4.0000|decay=geometric
"multi|channel0,channel1,channel2,channel3,channel4|pmode=roi|rpk=revenue_per_conversion|target=channel2|mu=1.500000|sigma=1.000000|dist=LogNormal|1.500000|1.000000|LogNormal|alpha=0p3|ec=0p5|slope=1p2|lag=4|decay=geometric",channel2,1.5,1.0,LogNormal,False,PASS,PASS,0.3,0.5,1.2,4,geometric,78.04249698619489,5,648274223.3961146,alpha=0.3000|ec=0.5000|slope=1.2000|lag=4.0000|decay=geometric
"multi|channel0,channel1,channel2,channel3,channel4|pmode=roi|rpk=revenue_per_conversion|target=channel0|mu=0.500000|sigma=1.000000|dist=LogNormal|0.500000|1.000000|LogNormal|alpha=0p3|ec=0p5|slope=1p2|lag=4|decay=geometric",channel0,0.5,1.0,LogNormal,False,PASS,PASS,0.3,0.5,1.2,4,geometric,76.69520238224285,5,1346757864.779881,alpha=0.3000|ec=0.5000|slope=1.2000|lag=4.0000|decay=geometric
"multi|channel0,channel1,channel2,channel3,channel4|pmode=roi|rpk=revenue_per_conversion|target=channel2|mu=0.500000|sigma=1.500000|dist=LogNormal|0.500000|1.500000|LogNormal|alpha=0p3|ec=0p5|slope=1p2|lag=4|decay=geometric",channel2,0.5,1.5,LogNormal,False,PASS,PASS,0.3,0.5,1.2,4,geometric,76.0176398512306,5,635882309.228546,alpha=0.3000|ec=0.5000|slope=1.2000|lag=4.0000|decay=geometric
"multi|channel0,channel1,channel2,channel3,channel4|pmode=roi|rpk=revenue_per_conversion|target=channel4|mu=1.500000|sigma=1.000000|dist=LogNormal|1.500000|1.000000|LogNormal|alpha=0p3|ec=0p5|slope=1p2|lag=4|decay=geometric",channel4,1.5,1.0,LogNormal,False,PASS,PASS,0.3,0.5,1.2,4,geometric,73.93346533175121,5,1403291045.287221,alpha=0.3000|ec=0.5000|slope=1.2000|lag=4.0000|decay=geometric
"multi|channel0,channel1,channel2,channel3,channel4|pmode=roi|rpk=revenue_per_conversion|target=channel4|mu=0.500000|sigma=1.500000|dist=LogNormal|0.500000|1.500000|LogNormal|alpha=0p3|ec=0p5|slope=1p2|lag=4|decay=geometric",channel4,0.5,1.5,LogNormal,False,PASS,PASS,0.3,0.5,1.2,4,geometric,69.02178821525132,5,1285614194.723035,alpha=0.3000|ec=0.5000|slope=1.2000|lag=4.0000|decay=geometric
"multi|channel0,channel1,channel2,channel3,channel4|pmode=roi|rpk=revenue_per_conversion|target=channel0|mu=1.500000|sigma=1.000000|dist=LogNormal|1.500000|1.000000|LogNormal|alpha=0p3|ec=0p5|slope=1p2|lag=4|decay=geometric",channel0,1.5,1.0,LogNormal,False,PASS,PASS,0.3,0.5,1.2,4,geometric,68.61653881109446,5,1201731675.9881384,alpha=0.3000|ec=0.5000|slope=1.2000|lag=4.0000|decay=geometric
"multi|channel0,channel1,channel2,channel3,channel4|pmode=roi|rpk=revenue_per_conversion|target=channel4|mu=0.500000|sigma=1.000000|dist=LogNormal|0.500000|1.000000|LogNormal|alpha=0p3|ec=0p5|slope=1p2|lag=4|decay=geometric",channel4,0.5,1.0,LogNormal,False,PASS,PASS,0.3,0.5,1.2,4,geometric,67.27279472632267,5,1252043306.3594165,alpha=0.3000|ec=0.5000|slope=1.2000|lag=4.0000|decay=geometric
"multi|channel0,channel1,channel2,channel3,channel4|pmode=roi|rpk=revenue_per_conversion|target=channel2|mu=0.500000|sigma=1.000000|dist=LogNormal|0.500000|1.000000|LogNormal|alpha=0p3|ec=0p5|slope=1p2|lag=4|decay=geometric",channel2,0.5,1.0,LogNormal,False,PASS,PASS,0.3,0.5,1.2,4,geometric,66.77756765971921,5,581383224.8858206,alpha=0.3000|ec=0.5000|slope=1.2000|lag=4.0000|decay=geometric
"multi|channel0,channel1,channel2,channel3,channel4|pmode=roi|rpk=revenue_per_conversion|target=channel1|mu=0.500000|sigma=1.000000|dist=LogNormal|0.500000|1.000000|LogNormal|alpha=0p3|ec=0p5|slope=1p2|lag=4|decay=geometric",channel1,0.5,1.0,LogNormal,False,PASS,PASS,0.3,0.5,1.2,4,geometric,66.51356589607701,5,987830003.8517039,alpha=0.3000|ec=0.5000|slope=1.2000|lag=4.0000|decay=geometric
"multi|channel0,channel1,channel2,channel3,channel4|pmode=roi|rpk=revenue_per_conversion|target=channel4|mu=1.000000|sigma=0.500000|dist=LogNormal|1.000000|0.500000|LogNormal|alpha=0p3|ec=0p5|slope=1p2|lag=4|decay=geometric",channel4,1.0,0.5,LogNormal,False,PASS,PASS,0.3,0.5,1.2,4,geometric,64.83711543778907,5,1248659151.414858,alpha=0.3000|ec=0.5000|slope=1.2000|lag=4.0000|decay=geometric
"multi|channel0,channel1,channel2,channel3,channel4|pmode=roi|rpk=revenue_per_conversion|target=channel0|mu=1.000000|sigma=0.500000|dist=LogNormal|1.000000|0.500000|LogNormal|alpha=0p3|ec=0p5|slope=1p2|lag=4|decay=geometric",channel0,1.0,0.5,LogNormal,False,PASS,PASS,0.3,0.5,1.2,4,geometric,61.656864048797495,5,1079961819.7738233,alpha=0.3000|ec=0.5000|slope=1.2000|lag=4.0000|decay=geometric
"multi|channel0,channel1,channel2,channel3,channel4|pmode=roi|rpk=revenue_per_conversion|target=channel1|mu=1.000000|sigma=0.500000|dist=LogNormal|1.000000|0.500000|LogNormal|alpha=0p3|ec=0p5|slope=1p2|lag=4|decay=geometric",channel1,1.0,0.5,LogNormal,False,PASS,PASS,0.3,0.5,1.2,4,geometric,59.02258792276951,5,876422791.0223657,alpha=0.3000|ec=0.5000|slope=1.2000|lag=4.0000|decay=geometric
"multi|channel0,channel1,channel2,channel3,channel4|pmode=roi|rpk=revenue_per_conversion|target=channel2|mu=0.500000|sigma=0.500000|dist=LogNormal|0.500000|0.500000|LogNormal|alpha=0p3|ec=0p5|slope=1p2|lag=4|decay=geometric",channel2,0.5,0.5,LogNormal,False,PASS,PASS,0.3,0.5,1.2,4,geometric,55.945264567578114,5,581044295.2872113,alpha=0.3000|ec=0.5000|slope=1.2000|lag=4.0000|decay=geometric
"multi|channel0,channel1,channel2,channel3,channel4|pmode=roi|rpk=revenue_per_conversion|target=channel2|mu=1.000000|sigma=0.500000|dist=LogNormal|1.000000|0.500000|LogNormal|alpha=0p3|ec=0p5|slope=1p2|lag=4|decay=geometric",channel2,1.0,0.5,LogNormal,False,PASS,PASS,0.3,0.5,1.2,4,geometric,55.77401619439152,5,530283118.4251319,alpha=0.3000|ec=0.5000|slope=1.2000|lag=4.0000|decay=geometric
"multi|channel0,channel1,channel2,channel3,channel4|pmode=roi|rpk=revenue_per_conversion|target=channel3|mu=0.500000|sigma=0.500000|dist=LogNormal|0.500000|0.500000|LogNormal|alpha=0p3|ec=0p5|slope=1p2|lag=4|decay=geometric",channel3,0.5,0.5,LogNormal,False,PASS,PASS,0.3,0.5,1.2,4,geometric,44.24634692980718,5,885845719.1310539,alpha=0.3000|ec=0.5000|slope=1.2000|lag=4.0000|decay=geometric
"multi|channel0,channel1,channel2,channel3,channel4|pmode=roi|rpk=revenue_per_conversion|target=channel1|mu=0.500000|sigma=0.500000|dist=LogNormal|0.500000|0.500000|LogNormal|alpha=0p3|ec=0p5|slope=1p2|lag=4|decay=geometric",channel1,0.5,0.5,LogNormal,False,PASS,PASS,0.3,0.5,1.2,4,geometric,44.1389011007492,5,666701410.7028971,alpha=0.3000|ec=0.5000|slope=1.2000|lag=4.0000|decay=geometric
"multi|channel0,channel1,channel2,channel3,channel4|pmode=roi|rpk=revenue_per_conversion|target=channel0|mu=0.500000|sigma=0.500000|dist=LogNormal|0.500000|0.500000|LogNormal|alpha=0p3|ec=0p5|slope=1p2|lag=4|decay=geometric",channel0,0.5,0.5,LogNormal,False,PASS,PASS,0.3,0.5,1.2,4,geometric,43.149859522866024,5,743041825.4802573,alpha=0.3000|ec=0.5000|slope=1.2000|lag=4.0000|decay=geometric
"multi|channel0,channel1,channel2,channel3,channel4|pmode=roi|rpk=revenue_per_conversion|target=channel0|mu=1.000000|sigma=1.500000|dist=LogNormal|1.000000|1.500000|LogNormal|alpha=0p3|ec=0p5|slope=1p2|lag=4|decay=geometric",channel0,1.0,1.5,LogNormal,False,PASS,PASS,0.3,0.5,1.2,4,geometric,42.014520727034395,5,766924865.1670011,alpha=0.3000|ec=0.5000|slope=1.2000|lag=4.0000|decay=geometric
"multi|channel0,channel1,channel2,channel3,channel4|pmode=roi|rpk=revenue_per_conversion|target=channel4|mu=0.500000|sigma=0.500000|dist=LogNormal|0.500000|0.500000|LogNormal|alpha=0p3|ec=0p5|slope=1p2|lag=4|decay=geometric",channel4,0.5,0.5,LogNormal,False,PASS,PASS,0.3,0.5,1.2,4,geometric,41.50696966472095,5,755060441.6396967,alpha=0.3000|ec=0.5000|slope=1.2000|lag=4.0000|decay=geometric
"multi|channel0,channel1,channel2,channel3,channel4|pmode=roi|rpk=revenue_per_conversion|target=channel3|mu=1.000000|sigma=1.500000|dist=LogNormal|1.000000|1.500000|LogNormal|alpha=0p3|ec=0p5|slope=1p2|lag=4|decay=geometric",channel3,1.0,1.5,LogNormal,False,PASS,PASS,0.3,0.5,1.2,4,geometric,40.80212104846076,5,823365104.448057,alpha=0.3000|ec=0.5000|slope=1.2000|lag=4.0000|decay=geometric
"multi|channel0,channel1,channel2,channel3,channel4|pmode=roi|rpk=revenue_per_conversion|target=channel0|mu=1.500000|sigma=1.500000|dist=LogNormal|1.500000|1.500000|LogNormal|alpha=0p3|ec=0p5|slope=1p2|lag=4|decay=geometric",channel0,1.5,1.5,LogNormal,False,PASS,PASS,0.3,0.5,1.2,4,geometric,40.68569986740572,5,688473872.5228789,alpha=0.3000|ec=0.5000|slope=1.2000|lag=4.0000|decay=geometric
"multi|channel0,channel1,channel2,channel3,channel4|pmode=roi|rpk=revenue_per_conversion|target=channel4|mu=1.000000|sigma=1.500000|dist=LogNormal|1.000000|1.500000|LogNormal|alpha=0p3|ec=0p5|slope=1p2|lag=4|decay=geometric",channel4,1.0,1.5,LogNormal,False,PASS,PASS,0.3,0.5,1.2,4,geometric,36.24359137712038,5,639566942.7580981,alpha=0.3000|ec=0.5000|slope=1.2000|lag=4.0000|decay=geometric
"multi|channel0,channel1,channel2,channel3,channel4|pmode=roi|rpk=revenue_per_conversion|target=channel2|mu=1.000000|sigma=1.500000|dist=LogNormal|1.000000|1.500000|LogNormal|alpha=0p3|ec=0p5|slope=1p2|lag=4|decay=geometric",channel2,1.0,1.5,LogNormal,False,PASS,PASS,0.3,0.5,1.2,4,geometric,34.021130492067584,5,367121832.0302063,alpha=0.3000|ec=0.5000|slope=1.2000|lag=4.0000|decay=geometric
"multi|channel0,channel1,channel2,channel3,channel4|pmode=roi|rpk=revenue_per_conversion|target=channel1|mu=1.000000|sigma=1.500000|dist=LogNormal|1.000000|1.500000|LogNormal|alpha=0p3|ec=0p5|slope=1p2|lag=4|decay=geometric",channel1,1.0,1.5,LogNormal,False,PASS,PASS,0.3,0.5,1.2,4,geometric,33.20999552380585,5,524002576.9953513,alpha=0.3000|ec=0.5000|slope=1.2000|lag=4.0000|decay=geometric
"multi|channel0,channel1,channel2,channel3,channel4|pmode=roi|rpk=revenue_per_conversion|target=channel2|mu=1.500000|sigma=1.500000|dist=LogNormal|1.500000|1.500000|LogNormal|alpha=0p3|ec=0p5|slope=1p2|lag=4|decay=geometric",channel2,1.5,1.5,LogNormal,False,PASS,PASS,0.3,0.5,1.2,4,geometric,28.096721985685218,5,201131878.13610208,alpha=0.3000|ec=0.5000|slope=1.2000|lag=4.0000|decay=geometric
"multi|channel0,channel1,channel2,channel3,channel4|pmode=roi|rpk=revenue_per_conversion|target=channel4|mu=1.500000|sigma=1.500000|dist=LogNormal|1.500000|1.500000|LogNormal|alpha=0p3|ec=0p5|slope=1p2|lag=4|decay=geometric",channel4,1.5,1.5,LogNormal,False,PASS,PASS,0.3,0.5,1.2,4,geometric,25.842486951119977,5,484066298.9993912,alpha=0.3000|ec=0.5000|slope=1.2000|lag=4.0000|decay=geometric
"multi|channel0,channel1,channel2,channel3,channel4|pmode=roi|rpk=revenue_per_conversion|target=channel1|mu=1.500000|sigma=1.500000|dist=LogNormal|1.500000|1.500000|LogNormal|alpha=0p3|ec=0p5|slope=1p2|lag=4|decay=geometric",channel1,1.5,1.5,LogNormal,False,PASS,PASS,0.3,0.5,1.2,4,geometric,25.017491815638056,5,382701163.30613065,alpha=0.3000|ec=0.5000|slope=1.2000|lag=4.0000|decay=geometric
"multi|channel0,channel1,channel2,channel3,channel4|pmode=roi|rpk=revenue_per_conversion|target=channel3|mu=1.500000|sigma=1.500000|dist=LogNormal|1.500000|1.500000|LogNormal|alpha=0p3|ec=0p5|slope=1p2|lag=4|decay=geometric",channel3,1.5,1.5,LogNormal,False,PASS,PASS,0.3,0.5,1.2,4,geometric,23.84886143843313,5,503250336.5106164,alpha=0.3000|ec=0.5000|slope=1.2000|lag=4.0000|decay=geometric
"multi|channel0,channel1,channel2,channel3,channel4|pmode=roi|rpk=revenue_per_conversion|target=channel3|mu=1.000000|sigma=1.000000|dist=LogNormal|1.000000|1.000000|LogNormal|alpha=0p3|ec=0p5|slope=1p2|lag=4|decay=geometric",channel3,1.0,1.0,LogNormal,True,PASS,PASS,0.3,0.5,1.2,4,geometric,0.0,5,0.0,alpha=0.3000|ec=0.5000|slope=1.2000|lag=4.0000|decay=geometric
"multi|channel0,channel1,channel2,channel3,channel4|pmode=roi|rpk=revenue_per_conversion|target=channel2|mu=1.000000|sigma=1.000000|dist=LogNormal|1.000000|1.000000|LogNormal|alpha=0p3|ec=0p5|slope=1p2|lag=4|decay=geometric",channel2,1.0,1.0,LogNormal,True,PASS,PASS,0.3,0.5,1.2,4,geometric,0.0,5,0.0,alpha=0.3000|ec=0.5000|slope=1.2000|lag=4.0000|decay=geometric
"multi|channel0,channel1,channel2,channel3,channel4|pmode=roi|rpk=revenue_per_conversion|target=channel1|mu=1.000000|sigma=1.000000|dist=LogNormal|1.000000|1.000000|LogNormal|alpha=0p3|ec=0p5|slope=1p2|lag=4|decay=geometric",channel1,1.0,1.0,LogNormal,True,PASS,PASS,0.3,0.5,1.2,4,geometric,0.0,5,0.0,alpha=0.3000|ec=0.5000|slope=1.2000|lag=4.0000|decay=geometric
"multi|channel0,channel1,channel2,channel3,channel4|pmode=roi|rpk=revenue_per_conversion|target=channel4|mu=1.000000|sigma=1.000000|dist=LogNormal|1.000000|1.000000|LogNormal|alpha=0p3|ec=0p5|slope=1p2|lag=4|decay=geometric",channel4,1.0,1.0,LogNormal,True,PASS,PASS,0.3,0.5,1.2,4,geometric,0.0,5,0.0,alpha=0.3000|ec=0.5000|slope=1.2000|lag=4.0000|decay=geometric
"multi|channel0,channel1,channel2,channel3,channel4|pmode=roi|rpk=revenue_per_conversion|target=channel0|mu=1.000000|sigma=1.000000|dist=LogNormal|1.000000|1.000000|LogNormal|alpha=0p3|ec=0p5|slope=1p2|lag=4|decay=geometric",channel0,1.0,1.0,LogNormal,True,PASS,PASS,0.3,0.5,1.2,4,geometric,0.0,5,0.0,alpha=0.3000|ec=0.5000|slope=1.2000|lag=4.0000|decay=geometric
