run_id,prior_key,targets,target_channel,channel,is_target_channel,roi_prior_mu,roi_prior_sigma,roi_prior_dist,adstock_alpha_m,saturation_ec_m,saturation_slope_m,max_lag,adstock_decay_spec,is_baseline,analysis_stage,run_mode,prior_mode_used,kpi_type,kpi_type_effective,outcome_col_used,revenue_per_kpi,target_channels,sweep_type,two_layer_enabled,prior_design_mode,prior_grid_type,prior_design_label,roi_mu,roi_sigma,roi_dist,qc_scope,qc_target_channels,gate_mode,gate_matched_count,gate_missing_count,gate_warning,data_tag,input_data_csv,estimated_roi,posterior_roi_sd,posterior_roi_p05,posterior_roi_p25,posterior_roi_p50,posterior_roi_p75,posterior_roi_p95,prior_roi_mu_channel,prior_roi_sigma_channel,prior_roi_dist_channel,prior_posterior_kl_gaussian,prior_posterior_wasserstein,qc_overall_status,qc_summary,qc_pass_fail,qc_needs_review,qc_text,qc_r2,qc_mape,qc_wmape,qc_bayesian_ppp,qc_baseline_neg_prob
multi|meta|pmode=roi|rpk=40.0|target=meta|mu=1.000000|sigma=1.000000|dist=LogNormal|1.000000|1.000000|LogNormal|alpha=0p3|ec=0p5|slope=1p2|lag=4|decay=geometric,"{""kpi_type"": ""non_revenue"", ""kpi_type_effective"": ""revenue"", ""prior_design_mode"": ""roi"", ""prior_grid_type"": ""roi"", ""revenue_per_kpi"": 40.0, ""roi_prior_overrides"": {""meta"": {""dist"": ""LogNormal"", ""mu"": 1.0, ""sigma"": 1.0}}, ""run_mode"": ""phase5a_real_tiny"", ""structural_overrides"": {""adstock_decay_spec"": ""geometric"", ""alpha_m"": 0.3, ""ec_m"": 0.5, ""max_lag"": 4, ""slope_m"": 1.2}, ""sweep_type"": ""fixed_full_grid"", ""target_channel"": ""meta"", ""two_layer_enabled"": false}",meta,meta,meta,True,1.0,1.0,LogNormal,0.3,0.5,1.2,4,geometric,True,prior_sweep,phase5a_real_tiny,roi,non_revenue,revenue,__revenue_equiv__,40.0,meta,fixed_full_grid,False,roi,roi,Revenue-equivalent ROI,1.0,1.0,LogNormal,target_channels,meta,configured,,,,monthly_mocha,/Users/jasper/Documents/Intern/BlueAlpha/capstone-Blue_Alpha_1/data/raw/monthly_mocha.csv,0.5670040667057037,0.1913590569596687,0.2934486284852028,0.417005680501461,0.5712069571018219,0.7391324192285538,0.8269951522350311,1.0,1.0,LogNormal,1.265655619792336,0.3135773547307763,PASS,Passed: No major quality issues were identified.,PASS,False,"========================================
Model Quality Checks
========================================
Overall Status: PASS
Summary: Passed: No major quality issues were identified.
Health Score: 100.0

Check Results:
----------------------------------------
Convergence Check:
  Status: PASS
  Recommendation: The model has likely converged, as all parameters have R-hat values < 1.2.
----------------------------------------
Baseline Check:
  Status: PASS
  Recommendation: The posterior probability that the baseline is negative is 0.00. We recommend visually inspecting the baseline time series in the Model Fit charts to confirm this.
----------------------------------------
BayesianPPP Check:
  Status: PASS
  Recommendation: The Bayesian posterior predictive p-value is 0.90. The observed total outcome is consistent with the model's posterior predictive distribution.
----------------------------------------
GoodnessOfFit Check:
  Status: PASS
  Recommendation: R-squared = 0.8929, MAPE = 0.0489, and wMAPE = 0.0487. These goodness-of-fit metrics are intended for guidance and relative comparison.
----------------------------------------
PriorPosteriorShift Check:
  Status: PASS
  Recommendation: The model has successfully learned from the data. This is a positive sign that your data was informative.
----------------------------------------
ROIConsistency Check:
  Status: PASS
  Recommendation: The posterior distribution of the ROI is within a reasonable range, aligning with the custom priors you provided.",0.8929,0.0489,0.0487,0.9,0.0
