channel,estimated_roi,posterior_roi_sd,posterior_roi_p05,posterior_roi_p50,posterior_roi_p95,target_channel,roi_prior_mu,roi_prior_sigma,roi_prior_dist,adstock_alpha_m,saturation_ec_m,saturation_slope_m,max_lag,adstock_decay_spec,run_mode,prior_mode_used,kpi_type,kpi_type_effective,outcome_col_used,revenue_per_kpi,target_channels,sweep_type,two_layer_enabled,prior_design_mode,prior_grid_type,prior_design_label,roi_mu,roi_sigma,roi_dist,contribution_mean,contribution_scale,converted_roi_mu_by_channel,converted_roi_sigma_by_channel,qc_scope,qc_target_channels,gate_mode,gate_matched_count,gate_missing_count,gate_warning,input_data_csv,prior_roi_mu_channel,prior_roi_sigma_channel,prior_roi_dist_channel,prior_posterior_kl_gaussian,prior_posterior_wasserstein,is_baseline,targets,prior_key,roi_prior_overrides_json,structural_overrides_json,qc_overall_status,qc_summary,qc_pass_fail,qc_needs_review,qc_text,qc_r2,qc_mape,qc_wmape,qc_bayesian_ppp,qc_baseline_neg_prob
meta,0.025307412329129874,0.010358834512570357,0.011477761901915073,0.023062773048877716,0.04393255058676005,tiktok,0.01046,0.01046,LogNormal,0.4,0.5,1.2,4,geometric,fast_product,contribution,non_revenue,non_revenue,subscriptions,,tiktok,fixed_full_grid,False,contribution,contribution,Contribution prior fallback,0.01046,0.01046,LogNormal,0.02,0.02,"{""tiktok"": 0.010460407833978424}","{""tiktok"": 0.010460407833978424}",target_channels,tiktok,auto_from_runs,,,,D:\Intern\BlueAlpha\data\raw\monthly_mocha.csv,0.4,0.5,LogNormal,3.657772048121866,0.36473346146749447,False,tiktok,"{""contribution_mean"": 0.02, ""contribution_scale"": 0.02, ""converted_roi_mu_by_channel"": {""tiktok"": 0.010460407833978424}, ""converted_roi_sigma_by_channel"": {""tiktok"": 0.010460407833978424}, ""kpi_type"": ""non_revenue"", ""kpi_type_effective"": ""non_revenue"", ""prior_design_mode"": ""contribution"", ""prior_grid_type"": ""contribution"", ""revenue_per_kpi"": null, ""roi_prior_overrides"": {""tiktok"": {""dist"": ""LogNormal"", ""mu"": 0.010460407833978424, ""sigma"": 0.010460407833978424}}, ""run_mode"": ""fast_product"", ""structural_overrides"": {""adstock_decay_spec"": ""geometric"", ""alpha_m"": 0.4, ""ec_m"": 0.5, ""max_lag"": 4, ""slope_m"": 1.2}, ""sweep_type"": ""fixed_full_grid"", ""two_layer_enabled"": false}","{""tiktok"": {""dist"": ""LogNormal"", ""mu"": 0.010460407833978424, ""sigma"": 0.010460407833978424}}","{""adstock_decay_spec"": ""geometric"", ""alpha_m"": 0.4, ""ec_m"": 0.5, ""max_lag"": 4, ""slope_m"": 1.2}",PASS,Passed with reviews: Review is needed.,PASS,False,"========================================
Model Quality Checks
========================================
Overall Status: PASS
Summary: Passed with reviews: Review is needed.

Check Results:
----------------------------------------
Convergence Check:
  Status: PASS
  Recommendation: The model has likely converged, as all parameters have R-hat values < 1.2.
----------------------------------------
Baseline Check:
  Status: PASS
  Recommendation: The posterior probability that the baseline is negative is 0.00. We recommend visually inspecting the baseline time series in the Model Fit charts to confirm this.
----------------------------------------
BayesianPPP Check:
  Status: PASS
  Recommendation: The Bayesian posterior predictive p-value is 0.90. The observed total outcome is consistent with the model's posterior predictive distribution.
----------------------------------------
GoodnessOfFit Check:
  Status: PASS
  Recommendation: R-squared = 0.8924, MAPE = 0.0525, and wMAPE = 0.0521. These goodness-of-fit metrics are intended for guidance and relative comparison.
----------------------------------------
PriorPosteriorShift Check:
  Status: PASS
  Recommendation: The model has successfully learned from the data. This is a positive sign that your data was informative.
----------------------------------------
ROIConsistency Check:
  Status: REVIEW
  Recommendation: We've detected an unusually low ROI estimate (for channels `meta`, `google`) where the posterior point estimate falls into the extreme tail of your custom prior. Please review this result to determine if it is reasonable within your business context.",0.8924,0.0525,0.0521,0.9,0.0
google,0.015852778336654105,0.006530195061655373,0.006866282410919666,0.015001785010099411,0.02655833028256894,tiktok,0.01046,0.01046,LogNormal,0.4,0.5,1.2,4,geometric,fast_product,contribution,non_revenue,non_revenue,subscriptions,,tiktok,fixed_full_grid,False,contribution,contribution,Contribution prior fallback,0.01046,0.01046,LogNormal,0.02,0.02,"{""tiktok"": 0.010460407833978424}","{""tiktok"": 0.010460407833978424}",target_channels,tiktok,auto_from_runs,,,,D:\Intern\BlueAlpha\data\raw\monthly_mocha.csv,0.4,0.5,LogNormal,4.1333947466819785,0.3548905731443411,False,tiktok,"{""contribution_mean"": 0.02, ""contribution_scale"": 0.02, ""converted_roi_mu_by_channel"": {""tiktok"": 0.010460407833978424}, ""converted_roi_sigma_by_channel"": {""tiktok"": 0.010460407833978424}, ""kpi_type"": ""non_revenue"", ""kpi_type_effective"": ""non_revenue"", ""prior_design_mode"": ""contribution"", ""prior_grid_type"": ""contribution"", ""revenue_per_kpi"": null, ""roi_prior_overrides"": {""tiktok"": {""dist"": ""LogNormal"", ""mu"": 0.010460407833978424, ""sigma"": 0.010460407833978424}}, ""run_mode"": ""fast_product"", ""structural_overrides"": {""adstock_decay_spec"": ""geometric"", ""alpha_m"": 0.4, ""ec_m"": 0.5, ""max_lag"": 4, ""slope_m"": 1.2}, ""sweep_type"": ""fixed_full_grid"", ""two_layer_enabled"": false}","{""tiktok"": {""dist"": ""LogNormal"", ""mu"": 0.010460407833978424, ""sigma"": 0.010460407833978424}}","{""adstock_decay_spec"": ""geometric"", ""alpha_m"": 0.4, ""ec_m"": 0.5, ""max_lag"": 4, ""slope_m"": 1.2}",PASS,Passed with reviews: Review is needed.,PASS,False,"========================================
Model Quality Checks
========================================
Overall Status: PASS
Summary: Passed with reviews: Review is needed.

Check Results:
----------------------------------------
Convergence Check:
  Status: PASS
  Recommendation: The model has likely converged, as all parameters have R-hat values < 1.2.
----------------------------------------
Baseline Check:
  Status: PASS
  Recommendation: The posterior probability that the baseline is negative is 0.00. We recommend visually inspecting the baseline time series in the Model Fit charts to confirm this.
----------------------------------------
BayesianPPP Check:
  Status: PASS
  Recommendation: The Bayesian posterior predictive p-value is 0.90. The observed total outcome is consistent with the model's posterior predictive distribution.
----------------------------------------
GoodnessOfFit Check:
  Status: PASS
  Recommendation: R-squared = 0.8924, MAPE = 0.0525, and wMAPE = 0.0521. These goodness-of-fit metrics are intended for guidance and relative comparison.
----------------------------------------
PriorPosteriorShift Check:
  Status: PASS
  Recommendation: The model has successfully learned from the data. This is a positive sign that your data was informative.
----------------------------------------
ROIConsistency Check:
  Status: REVIEW
  Recommendation: We've detected an unusually low ROI estimate (for channels `meta`, `google`) where the posterior point estimate falls into the extreme tail of your custom prior. Please review this result to determine if it is reasonable within your business context.",0.8924,0.0525,0.0521,0.9,0.0
snapchat,0.03253890161868185,0.014676096430291519,0.014334136992692948,0.029508044011890888,0.06085315346717835,tiktok,0.01046,0.01046,LogNormal,0.4,0.5,1.2,4,geometric,fast_product,contribution,non_revenue,non_revenue,subscriptions,,tiktok,fixed_full_grid,False,contribution,contribution,Contribution prior fallback,0.01046,0.01046,LogNormal,0.02,0.02,"{""tiktok"": 0.010460407833978424}","{""tiktok"": 0.010460407833978424}",target_channels,tiktok,auto_from_runs,,,,D:\Intern\BlueAlpha\data\raw\monthly_mocha.csv,0.4,0.5,LogNormal,3.298874114599509,0.33047765468184837,False,tiktok,"{""contribution_mean"": 0.02, ""contribution_scale"": 0.02, ""converted_roi_mu_by_channel"": {""tiktok"": 0.010460407833978424}, ""converted_roi_sigma_by_channel"": {""tiktok"": 0.010460407833978424}, ""kpi_type"": ""non_revenue"", ""kpi_type_effective"": ""non_revenue"", ""prior_design_mode"": ""contribution"", ""prior_grid_type"": ""contribution"", ""revenue_per_kpi"": null, ""roi_prior_overrides"": {""tiktok"": {""dist"": ""LogNormal"", ""mu"": 0.010460407833978424, ""sigma"": 0.010460407833978424}}, ""run_mode"": ""fast_product"", ""structural_overrides"": {""adstock_decay_spec"": ""geometric"", ""alpha_m"": 0.4, ""ec_m"": 0.5, ""max_lag"": 4, ""slope_m"": 1.2}, ""sweep_type"": ""fixed_full_grid"", ""two_layer_enabled"": false}","{""tiktok"": {""dist"": ""LogNormal"", ""mu"": 0.010460407833978424, ""sigma"": 0.010460407833978424}}","{""adstock_decay_spec"": ""geometric"", ""alpha_m"": 0.4, ""ec_m"": 0.5, ""max_lag"": 4, ""slope_m"": 1.2}",PASS,Passed with reviews: Review is needed.,PASS,False,"========================================
Model Quality Checks
========================================
Overall Status: PASS
Summary: Passed with reviews: Review is needed.

Check Results:
----------------------------------------
Convergence Check:
  Status: PASS
  Recommendation: The model has likely converged, as all parameters have R-hat values < 1.2.
----------------------------------------
Baseline Check:
  Status: PASS
  Recommendation: The posterior probability that the baseline is negative is 0.00. We recommend visually inspecting the baseline time series in the Model Fit charts to confirm this.
----------------------------------------
BayesianPPP Check:
  Status: PASS
  Recommendation: The Bayesian posterior predictive p-value is 0.90. The observed total outcome is consistent with the model's posterior predictive distribution.
----------------------------------------
GoodnessOfFit Check:
  Status: PASS
  Recommendation: R-squared = 0.8924, MAPE = 0.0525, and wMAPE = 0.0521. These goodness-of-fit metrics are intended for guidance and relative comparison.
----------------------------------------
PriorPosteriorShift Check:
  Status: PASS
  Recommendation: The model has successfully learned from the data. This is a positive sign that your data was informative.
----------------------------------------
ROIConsistency Check:
  Status: REVIEW
  Recommendation: We've detected an unusually low ROI estimate (for channels `meta`, `google`) where the posterior point estimate falls into the extreme tail of your custom prior. Please review this result to determine if it is reasonable within your business context.",0.8924,0.0525,0.0521,0.9,0.0
tiktok,0.007112735994548226,0.005484244113099687,0.0017310028953943402,0.005710844183340669,0.015187111124396325,tiktok,0.01046,0.01046,LogNormal,0.4,0.5,1.2,4,geometric,fast_product,contribution,non_revenue,non_revenue,subscriptions,,tiktok,fixed_full_grid,False,contribution,contribution,Contribution prior fallback,0.01046,0.01046,LogNormal,0.02,0.02,"{""tiktok"": 0.010460407833978424}","{""tiktok"": 0.010460407833978424}",target_channels,tiktok,auto_from_runs,,,,D:\Intern\BlueAlpha\data\raw\monthly_mocha.csv,0.010460407833978424,0.010460407833978424,LogNormal,0.33436645707580803,0.0027742412895802667,False,tiktok,"{""contribution_mean"": 0.02, ""contribution_scale"": 0.02, ""converted_roi_mu_by_channel"": {""tiktok"": 0.010460407833978424}, ""converted_roi_sigma_by_channel"": {""tiktok"": 0.010460407833978424}, ""kpi_type"": ""non_revenue"", ""kpi_type_effective"": ""non_revenue"", ""prior_design_mode"": ""contribution"", ""prior_grid_type"": ""contribution"", ""revenue_per_kpi"": null, ""roi_prior_overrides"": {""tiktok"": {""dist"": ""LogNormal"", ""mu"": 0.010460407833978424, ""sigma"": 0.010460407833978424}}, ""run_mode"": ""fast_product"", ""structural_overrides"": {""adstock_decay_spec"": ""geometric"", ""alpha_m"": 0.4, ""ec_m"": 0.5, ""max_lag"": 4, ""slope_m"": 1.2}, ""sweep_type"": ""fixed_full_grid"", ""two_layer_enabled"": false}","{""tiktok"": {""dist"": ""LogNormal"", ""mu"": 0.010460407833978424, ""sigma"": 0.010460407833978424}}","{""adstock_decay_spec"": ""geometric"", ""alpha_m"": 0.4, ""ec_m"": 0.5, ""max_lag"": 4, ""slope_m"": 1.2}",PASS,Passed with reviews: Review is needed.,PASS,False,"========================================
Model Quality Checks
========================================
Overall Status: PASS
Summary: Passed with reviews: Review is needed.

Check Results:
----------------------------------------
Convergence Check:
  Status: PASS
  Recommendation: The model has likely converged, as all parameters have R-hat values < 1.2.
----------------------------------------
Baseline Check:
  Status: PASS
  Recommendation: The posterior probability that the baseline is negative is 0.00. We recommend visually inspecting the baseline time series in the Model Fit charts to confirm this.
----------------------------------------
BayesianPPP Check:
  Status: PASS
  Recommendation: The Bayesian posterior predictive p-value is 0.90. The observed total outcome is consistent with the model's posterior predictive distribution.
----------------------------------------
GoodnessOfFit Check:
  Status: PASS
  Recommendation: R-squared = 0.8924, MAPE = 0.0525, and wMAPE = 0.0521. These goodness-of-fit metrics are intended for guidance and relative comparison.
----------------------------------------
PriorPosteriorShift Check:
  Status: PASS
  Recommendation: The model has successfully learned from the data. This is a positive sign that your data was informative.
----------------------------------------
ROIConsistency Check:
  Status: REVIEW
  Recommendation: We've detected an unusually low ROI estimate (for channels `meta`, `google`) where the posterior point estimate falls into the extreme tail of your custom prior. Please review this result to determine if it is reasonable within your business context.",0.8924,0.0525,0.0521,0.9,0.0
moloco,0.06891806030956407,0.03164215920395913,0.02609761357307434,0.06364285200834274,0.13172674402594567,tiktok,0.01046,0.01046,LogNormal,0.4,0.5,1.2,4,geometric,fast_product,contribution,non_revenue,non_revenue,subscriptions,,tiktok,fixed_full_grid,False,contribution,contribution,Contribution prior fallback,0.01046,0.01046,LogNormal,0.02,0.02,"{""tiktok"": 0.010460407833978424}","{""tiktok"": 0.010460407833978424}",target_channels,tiktok,auto_from_runs,,,,D:\Intern\BlueAlpha\data\raw\monthly_mocha.csv,0.4,0.5,LogNormal,2.481350669051866,0.34793618480437855,False,tiktok,"{""contribution_mean"": 0.02, ""contribution_scale"": 0.02, ""converted_roi_mu_by_channel"": {""tiktok"": 0.010460407833978424}, ""converted_roi_sigma_by_channel"": {""tiktok"": 0.010460407833978424}, ""kpi_type"": ""non_revenue"", ""kpi_type_effective"": ""non_revenue"", ""prior_design_mode"": ""contribution"", ""prior_grid_type"": ""contribution"", ""revenue_per_kpi"": null, ""roi_prior_overrides"": {""tiktok"": {""dist"": ""LogNormal"", ""mu"": 0.010460407833978424, ""sigma"": 0.010460407833978424}}, ""run_mode"": ""fast_product"", ""structural_overrides"": {""adstock_decay_spec"": ""geometric"", ""alpha_m"": 0.4, ""ec_m"": 0.5, ""max_lag"": 4, ""slope_m"": 1.2}, ""sweep_type"": ""fixed_full_grid"", ""two_layer_enabled"": false}","{""tiktok"": {""dist"": ""LogNormal"", ""mu"": 0.010460407833978424, ""sigma"": 0.010460407833978424}}","{""adstock_decay_spec"": ""geometric"", ""alpha_m"": 0.4, ""ec_m"": 0.5, ""max_lag"": 4, ""slope_m"": 1.2}",PASS,Passed with reviews: Review is needed.,PASS,False,"========================================
Model Quality Checks
========================================
Overall Status: PASS
Summary: Passed with reviews: Review is needed.

Check Results:
----------------------------------------
Convergence Check:
  Status: PASS
  Recommendation: The model has likely converged, as all parameters have R-hat values < 1.2.
----------------------------------------
Baseline Check:
  Status: PASS
  Recommendation: The posterior probability that the baseline is negative is 0.00. We recommend visually inspecting the baseline time series in the Model Fit charts to confirm this.
----------------------------------------
BayesianPPP Check:
  Status: PASS
  Recommendation: The Bayesian posterior predictive p-value is 0.90. The observed total outcome is consistent with the model's posterior predictive distribution.
----------------------------------------
GoodnessOfFit Check:
  Status: PASS
  Recommendation: R-squared = 0.8924, MAPE = 0.0525, and wMAPE = 0.0521. These goodness-of-fit metrics are intended for guidance and relative comparison.
----------------------------------------
PriorPosteriorShift Check:
  Status: PASS
  Recommendation: The model has successfully learned from the data. This is a positive sign that your data was informative.
----------------------------------------
ROIConsistency Check:
  Status: REVIEW
  Recommendation: We've detected an unusually low ROI estimate (for channels `meta`, `google`) where the posterior point estimate falls into the extreme tail of your custom prior. Please review this result to determine if it is reasonable within your business context.",0.8924,0.0525,0.0521,0.9,0.0
liveintent,0.1054892549260209,0.061018469022731024,0.02448629857972264,0.09484362974762917,0.22906953692436222,tiktok,0.01046,0.01046,LogNormal,0.4,0.5,1.2,4,geometric,fast_product,contribution,non_revenue,non_revenue,subscriptions,,tiktok,fixed_full_grid,False,contribution,contribution,Contribution prior fallback,0.01046,0.01046,LogNormal,0.02,0.02,"{""tiktok"": 0.010460407833978424}","{""tiktok"": 0.010460407833978424}",target_channels,tiktok,auto_from_runs,,,,D:\Intern\BlueAlpha\data\raw\monthly_mocha.csv,0.4,0.5,LogNormal,1.7843511742621025,0.2801829001972703,False,tiktok,"{""contribution_mean"": 0.02, ""contribution_scale"": 0.02, ""converted_roi_mu_by_channel"": {""tiktok"": 0.010460407833978424}, ""converted_roi_sigma_by_channel"": {""tiktok"": 0.010460407833978424}, ""kpi_type"": ""non_revenue"", ""kpi_type_effective"": ""non_revenue"", ""prior_design_mode"": ""contribution"", ""prior_grid_type"": ""contribution"", ""revenue_per_kpi"": null, ""roi_prior_overrides"": {""tiktok"": {""dist"": ""LogNormal"", ""mu"": 0.010460407833978424, ""sigma"": 0.010460407833978424}}, ""run_mode"": ""fast_product"", ""structural_overrides"": {""adstock_decay_spec"": ""geometric"", ""alpha_m"": 0.4, ""ec_m"": 0.5, ""max_lag"": 4, ""slope_m"": 1.2}, ""sweep_type"": ""fixed_full_grid"", ""two_layer_enabled"": false}","{""tiktok"": {""dist"": ""LogNormal"", ""mu"": 0.010460407833978424, ""sigma"": 0.010460407833978424}}","{""adstock_decay_spec"": ""geometric"", ""alpha_m"": 0.4, ""ec_m"": 0.5, ""max_lag"": 4, ""slope_m"": 1.2}",PASS,Passed with reviews: Review is needed.,PASS,False,"========================================
Model Quality Checks
========================================
Overall Status: PASS
Summary: Passed with reviews: Review is needed.

Check Results:
----------------------------------------
Convergence Check:
  Status: PASS
  Recommendation: The model has likely converged, as all parameters have R-hat values < 1.2.
----------------------------------------
Baseline Check:
  Status: PASS
  Recommendation: The posterior probability that the baseline is negative is 0.00. We recommend visually inspecting the baseline time series in the Model Fit charts to confirm this.
----------------------------------------
BayesianPPP Check:
  Status: PASS
  Recommendation: The Bayesian posterior predictive p-value is 0.90. The observed total outcome is consistent with the model's posterior predictive distribution.
----------------------------------------
GoodnessOfFit Check:
  Status: PASS
  Recommendation: R-squared = 0.8924, MAPE = 0.0525, and wMAPE = 0.0521. These goodness-of-fit metrics are intended for guidance and relative comparison.
----------------------------------------
PriorPosteriorShift Check:
  Status: PASS
  Recommendation: The model has successfully learned from the data. This is a positive sign that your data was informative.
----------------------------------------
ROIConsistency Check:
  Status: REVIEW
  Recommendation: We've detected an unusually low ROI estimate (for channels `meta`, `google`) where the posterior point estimate falls into the extreme tail of your custom prior. Please review this result to determine if it is reasonable within your business context.",0.8924,0.0525,0.0521,0.9,0.0
beehiiv,0.16381060071289538,0.09113536737813356,0.039260868541896345,0.14908570051193237,0.3242507427930832,tiktok,0.01046,0.01046,LogNormal,0.4,0.5,1.2,4,geometric,fast_product,contribution,non_revenue,non_revenue,subscriptions,,tiktok,fixed_full_grid,False,contribution,contribution,Contribution prior fallback,0.01046,0.01046,LogNormal,0.02,0.02,"{""tiktok"": 0.010460407833978424}","{""tiktok"": 0.010460407833978424}",target_channels,tiktok,auto_from_runs,,,,D:\Intern\BlueAlpha\data\raw\monthly_mocha.csv,0.4,0.5,LogNormal,1.3304443186568404,0.21530006034363847,False,tiktok,"{""contribution_mean"": 0.02, ""contribution_scale"": 0.02, ""converted_roi_mu_by_channel"": {""tiktok"": 0.010460407833978424}, ""converted_roi_sigma_by_channel"": {""tiktok"": 0.010460407833978424}, ""kpi_type"": ""non_revenue"", ""kpi_type_effective"": ""non_revenue"", ""prior_design_mode"": ""contribution"", ""prior_grid_type"": ""contribution"", ""revenue_per_kpi"": null, ""roi_prior_overrides"": {""tiktok"": {""dist"": ""LogNormal"", ""mu"": 0.010460407833978424, ""sigma"": 0.010460407833978424}}, ""run_mode"": ""fast_product"", ""structural_overrides"": {""adstock_decay_spec"": ""geometric"", ""alpha_m"": 0.4, ""ec_m"": 0.5, ""max_lag"": 4, ""slope_m"": 1.2}, ""sweep_type"": ""fixed_full_grid"", ""two_layer_enabled"": false}","{""tiktok"": {""dist"": ""LogNormal"", ""mu"": 0.010460407833978424, ""sigma"": 0.010460407833978424}}","{""adstock_decay_spec"": ""geometric"", ""alpha_m"": 0.4, ""ec_m"": 0.5, ""max_lag"": 4, ""slope_m"": 1.2}",PASS,Passed with reviews: Review is needed.,PASS,False,"========================================
Model Quality Checks
========================================
Overall Status: PASS
Summary: Passed with reviews: Review is needed.

Check Results:
----------------------------------------
Convergence Check:
  Status: PASS
  Recommendation: The model has likely converged, as all parameters have R-hat values < 1.2.
----------------------------------------
Baseline Check:
  Status: PASS
  Recommendation: The posterior probability that the baseline is negative is 0.00. We recommend visually inspecting the baseline time series in the Model Fit charts to confirm this.
----------------------------------------
BayesianPPP Check:
  Status: PASS
  Recommendation: The Bayesian posterior predictive p-value is 0.90. The observed total outcome is consistent with the model's posterior predictive distribution.
----------------------------------------
GoodnessOfFit Check:
  Status: PASS
  Recommendation: R-squared = 0.8924, MAPE = 0.0525, and wMAPE = 0.0521. These goodness-of-fit metrics are intended for guidance and relative comparison.
----------------------------------------
PriorPosteriorShift Check:
  Status: PASS
  Recommendation: The model has successfully learned from the data. This is a positive sign that your data was informative.
----------------------------------------
ROIConsistency Check:
  Status: REVIEW
  Recommendation: We've detected an unusually low ROI estimate (for channels `meta`, `google`) where the posterior point estimate falls into the extreme tail of your custom prior. Please review this result to determine if it is reasonable within your business context.",0.8924,0.0525,0.0521,0.9,0.0
amazon,0.15048532808509965,0.0919663377308627,0.03459534775465727,0.131989486515522,0.3389895483851433,tiktok,0.01046,0.01046,LogNormal,0.4,0.5,1.2,4,geometric,fast_product,contribution,non_revenue,non_revenue,subscriptions,,tiktok,fixed_full_grid,False,contribution,contribution,Contribution prior fallback,0.01046,0.01046,LogNormal,0.02,0.02,"{""tiktok"": 0.010460407833978424}","{""tiktok"": 0.010460407833978424}",target_channels,tiktok,auto_from_runs,,,,D:\Intern\BlueAlpha\data\raw\monthly_mocha.csv,0.4,0.5,LogNormal,1.3346162401113864,0.244808771113414,False,tiktok,"{""contribution_mean"": 0.02, ""contribution_scale"": 0.02, ""converted_roi_mu_by_channel"": {""tiktok"": 0.010460407833978424}, ""converted_roi_sigma_by_channel"": {""tiktok"": 0.010460407833978424}, ""kpi_type"": ""non_revenue"", ""kpi_type_effective"": ""non_revenue"", ""prior_design_mode"": ""contribution"", ""prior_grid_type"": ""contribution"", ""revenue_per_kpi"": null, ""roi_prior_overrides"": {""tiktok"": {""dist"": ""LogNormal"", ""mu"": 0.010460407833978424, ""sigma"": 0.010460407833978424}}, ""run_mode"": ""fast_product"", ""structural_overrides"": {""adstock_decay_spec"": ""geometric"", ""alpha_m"": 0.4, ""ec_m"": 0.5, ""max_lag"": 4, ""slope_m"": 1.2}, ""sweep_type"": ""fixed_full_grid"", ""two_layer_enabled"": false}","{""tiktok"": {""dist"": ""LogNormal"", ""mu"": 0.010460407833978424, ""sigma"": 0.010460407833978424}}","{""adstock_decay_spec"": ""geometric"", ""alpha_m"": 0.4, ""ec_m"": 0.5, ""max_lag"": 4, ""slope_m"": 1.2}",PASS,Passed with reviews: Review is needed.,PASS,False,"========================================
Model Quality Checks
========================================
Overall Status: PASS
Summary: Passed with reviews: Review is needed.

Check Results:
----------------------------------------
Convergence Check:
  Status: PASS
  Recommendation: The model has likely converged, as all parameters have R-hat values < 1.2.
----------------------------------------
Baseline Check:
  Status: PASS
  Recommendation: The posterior probability that the baseline is negative is 0.00. We recommend visually inspecting the baseline time series in the Model Fit charts to confirm this.
----------------------------------------
BayesianPPP Check:
  Status: PASS
  Recommendation: The Bayesian posterior predictive p-value is 0.90. The observed total outcome is consistent with the model's posterior predictive distribution.
----------------------------------------
GoodnessOfFit Check:
  Status: PASS
  Recommendation: R-squared = 0.8924, MAPE = 0.0525, and wMAPE = 0.0521. These goodness-of-fit metrics are intended for guidance and relative comparison.
----------------------------------------
PriorPosteriorShift Check:
  Status: PASS
  Recommendation: The model has successfully learned from the data. This is a positive sign that your data was informative.
----------------------------------------
ROIConsistency Check:
  Status: REVIEW
  Recommendation: We've detected an unusually low ROI estimate (for channels `meta`, `google`) where the posterior point estimate falls into the extreme tail of your custom prior. Please review this result to determine if it is reasonable within your business context.",0.8924,0.0525,0.0521,0.9,0.0
