run_id,channel,target_channel,roi_prior_mu,roi_prior_sigma,roi_prior_dist,estimated_roi,prior_key,targets,is_baseline,adstock_alpha_m,saturation_ec_m,saturation_slope_m,max_lag,adstock_decay_spec,analysis_stage,run_mode,prior_mode_used,kpi_type,kpi_type_effective,outcome_col_used,revenue_per_kpi,target_channels,sweep_type,two_layer_enabled,prior_design_mode,prior_grid_type,prior_design_label,roi_mu,roi_sigma,roi_dist,gate_mode,gate_matched_count,gate_missing_count,gate_warning,data_tag,input_data_csv,qc_status_code,qc_severity_rank,qc_summary_short,qc_primary_review_check,qc_flagged_channels,qc_review_reason,qc_convergence_status,qc_baseline_status,qc_bayesianppp_status,qc_gof_status,qc_prior_posterior_shift_status,qc_roi_consistency_status,qc_report_full,data_granularity,data_time_col,data_geo_col,data_population_col,data_n_rows,data_n_time_periods,data_n_geos,data_tag,roi_baseline,roi_new,delta_abs,delta_pct,channel_total_spend,incremental_outcome_baseline,incremental_outcome_new,delta_outcome,delta_outcome_abs,dollars_per_subscription,incremental_value_baseline,incremental_value_new,delta_value,delta_value_abs
multi|meta|pmode=roi|rpk=40.0|target=meta|mu=1.000000|sigma=1.000000|dist=LogNormal|1.000000|1.000000|LogNormal|alpha=0p3|ec=0p5|slope=1p2|lag=4|decay=geometric,meta,meta,1.0,1.0,LogNormal,0.5670040667057037,"{""kpi_type"": ""non_revenue"", ""kpi_type_effective"": ""revenue"", ""prior_design_mode"": ""roi"", ""prior_grid_type"": ""roi"", ""revenue_per_kpi"": 40.0, ""roi_prior_overrides"": {""meta"": {""dist"": ""LogNormal"", ""mu"": 1.0, ""sigma"": 1.0}}, ""run_mode"": ""phase5a_real_tiny"", ""structural_overrides"": {""adstock_decay_spec"": ""geometric"", ""alpha_m"": 0.3, ""ec_m"": 0.5, ""max_lag"": 4, ""slope_m"": 1.2}, ""sweep_type"": ""fixed_full_grid"", ""target_channel"": ""meta"", ""two_layer_enabled"": false}",meta,True,0.3,0.5,1.2,4,geometric,prior_sweep,phase5a_real_tiny,roi,non_revenue,revenue,__revenue_equiv__,40.0,meta,fixed_full_grid,False,roi,roi,Revenue-equivalent ROI,1.0,1.0,LogNormal,configured,,,,monthly_mocha,/Users/jasper/Documents/Intern/BlueAlpha/capstone-Blue_Alpha_1/data/raw/monthly_mocha.csv,PASS,0,PASS,,,,PASS,PASS,PASS,PASS,PASS,PASS,"========================================
Model Quality Checks
========================================
Overall Status: PASS
Summary: Passed: No major quality issues were identified.
Health Score: 100.0

Check Results:
----------------------------------------
Convergence Check:
  Status: PASS
  Recommendation: The model has likely converged, as all parameters have R-hat values < 1.2.
----------------------------------------
Baseline Check:
  Status: PASS
  Recommendation: The posterior probability that the baseline is negative is 0.00. We recommend visually inspecting the baseline time series in the Model Fit charts to confirm this.
----------------------------------------
BayesianPPP Check:
  Status: PASS
  Recommendation: The Bayesian posterior predictive p-value is 0.90. The observed total outcome is consistent with the model's posterior predictive distribution.
----------------------------------------
GoodnessOfFit Check:
  Status: PASS
  Recommendation: R-squared = 0.8929, MAPE = 0.0489, and wMAPE = 0.0487. These goodness-of-fit metrics are intended for guidance and relative comparison.
----------------------------------------
PriorPosteriorShift Check:
  Status: PASS
  Recommendation: The model has successfully learned from the data. This is a positive sign that your data was informative.
----------------------------------------
ROIConsistency Check:
  Status: PASS
  Recommendation: The posterior distribution of the ROI is within a reasonable range, aligning with the custom priors you provided.",national,date,,,74,74,1,monthly_mocha,,,,,,,,,,,,,,
